Descriptor,Importance
JGI8,0.009076324790140915
ETA_dEpsilon_D,0.005609084012753375
nHBDon,0.005458433456677648
AATSC8i,0.004547685856825399
AATSC0v,0.004504444248458888
GATS1c,0.004318267350221122
nRot,0.004314876798208545
Kier2,0.0038781167938565647
AATSC3c,0.0035068964158205575
ATSC1c,0.0034619027050980457
MAXdssC,0.003412685225495974
MATS1c,0.003276876504577877
BCUTv-1h,0.003242574006797755
SlogP_VSA2,0.0032199461127254097
AATSC8p,0.0031591682512215323
AATS1i,0.0031358926177955573
SpDiam_Dzp,0.0030972058251904733
MATS1Z,0.002979129554547279
MINdssC,0.0028899491813763893
RotRatio,0.0028669554436294496
AATS2v,0.0028249011220563293
ATSC1are,0.0027781324889963087
AATSC4m,0.002752794679137426
BCUTZ-1h,0.002728233509691721
SlogP_VSA1,0.002702675012727052
AMID,0.0027015090735646417
ATSC3c,0.0026572562143057817
AETA_beta_s,0.0026523210910361764
AATS8i,0.00261421795610483
MATS2c,0.002565432771313643
AATS3i,0.0025103332833505045
GATS1p,0.002504021662507304
TopoPSA,0.0024816446667143832
AATS1p,0.0024365199706077346
AATSC1s,0.0024027145795179027
AETA_alpha,0.0023945369226525738
GATS1s,0.002337295529581059
GATS2c,0.002327797362427097
AATS3pe,0.0023219243414061993
MINsOH,0.002316978980945688
LogEE_Dzv,0.0023035862779044887
MATS3d,0.0022928343882242415
CIC1,0.0022727521955082613
MATS8i,0.002269222672426772
GATS1se,0.002266000740830462
ATSC1se,0.002265710544529682
piPC6,0.002264004580049983
ATSC1m,0.0022354412344089063
ATSC1Z,0.002233583504389124
GATS6i,0.0022013556777689246
MATS4i,0.0021690781435399604
Mi,0.002093222829538671
piPC2,0.0020844941344226302
ATS0Z,0.002075607879541619
AATSC1Z,0.0020697211211378537
AATSC7d,0.002054302612439373
GATS8i,0.002042195533028222
MATS8p,0.0020340565411339755
MATS3c,0.0020266035484865215
AATS0d,0.002011991012093366
GATS6m,0.0020066330709173933
GATS1m,0.0019989301034449083
ATSC5p,0.001995039764306801
MATS7d,0.001992286112009364
AATS0i,0.0019621082521710516
GATS8p,0.00195401505546441
SpMAD_DzZ,0.0019488030444785678
AATS1m,0.001941981637267187
MATS4m,0.0019351644952709513
AATSC4Z,0.0019262405669244643
AATSC0m,0.001925937395960065
MATS3p,0.0019221971388342519
AATS0v,0.0019102801328987101
AATSC2se,0.001890517092402452
GATS1Z,0.0018837602257342093
AATSC1m,0.00187071614765139
VE1_Dzp,0.0018612249426019902
AATSC3Z,0.0018252774954434431
GATS6Z,0.0018087221111765253
GATS5dv,0.0018025992882280645
ATSC2c,0.0018013113149625913
AATS1Z,0.0017958045512791456
GATS7d,0.0017860644543298597
fMF,0.0017855026662301813
BCUTp-1h,0.0017826014652785446
GATS5c,0.0017815464361132685
ZMIC2,0.0017797968042681908
SpAbs_A,0.0017793363375216977
AATS2are,0.0017777494092335719
GATS1are,0.001767893501184188
SpMAD_A,0.0017661348735994995
AATSC0p,0.0017506359322358258
IC4,0.001747205617780579
GATS4m,0.0017362575643421663
PEOE_VSA1,0.0017179455512063974
ATSC6i,0.0017044640060633607
MID,0.0017028782646901159
ATSC4are,0.0016941672039416644
BCUTc-1h,0.0016787361522750763
BCUTpe-1h,0.001677303032910688
ATS8m,0.0016661171757652018
ETA_eta_RL,0.0016646551157364915
ETA_beta_s,0.0016572506818467053
PEOE_VSA7,0.0016504871043840224
EState_VSA4,0.0016504026984372718
IC5,0.0016490602730462897
GATS5s,0.0016160301475019955
MATS1m,0.0016147377839607437
MATS4Z,0.0016114045858284778
GGI8,0.0016034535125110014
MATS1are,0.0016023443928353815
GATS7pe,0.0016015543637325064
piPC8,0.0015983721075978055
ATS0v,0.0015983101000881703
ATSC7p,0.001597544797546314
AATSC1are,0.0015908405709547774
ATS1dv,0.001587869379940621
ATSC8d,0.0015608791113206912
AATSC1se,0.0015590595939760968
ATSC2se,0.0015449913769649138
CIC0,0.0015386217774855024
SssNH,0.0015366283903706667
WPol,0.0015358027056119983
ATS0s,0.0015302528838215027
ATSC8are,0.0015257689054692437
SLogP,0.0015246359249469772
piPC7,0.0015220937833419637
ATSC3are,0.0015165113652670017
MATS1p,0.0015164566486895342
BCUTc-1l,0.0015143914728217918
LogEE_Dzi,0.0015094648449270824
ATSC0m,0.0015091113983501726
AATS2pe,0.0015022460024769954
GATS1v,0.0014987559421886457
Kier1,0.0014959675292981283
ATS8v,0.0014957919856818025
JGI9,0.0014932195257858147
BCUTs-1h,0.0014928014391296083
ATSC1p,0.0014847839317235678
AATSC0c,0.0014822884962603453
MATS1pe,0.0014752080659027197
AATSC4se,0.0014727114087028043
BIC2,0.0014707123956510775
BCUTd-1h,0.0014686923052937327
MATS1s,0.0014683799552520685
VE3_D,0.0014673552035709009
GATS1pe,0.0014664223987898783
ATSC1i,0.0014635450361314539
GATS5Z,0.0014605575980178975
AATS2d,0.0014602001613015585
MATS4d,0.0014550457448124587
AATSC2Z,0.0014537660228204489
AATS2p,0.0014419039109518827
ATSC1s,0.001439508691507962
MATS8d,0.001436659073988368
MATS6se,0.0014338297220984463
Xp-4d,0.0014322193741534788
VR3_A,0.00143218497037987
ATSC8c,0.0014308386302061328
MATS7m,0.0014172908559318368
AATS0Z,0.0014148097678325102
SRW02,0.0014104856447485692
BCUTdv-1l,0.0014081749341306987
AXp-6dv,0.0014070162341651826
VE2_Dzare,0.0013970268386447
AATSC4c,0.0013865506361453294
piPC9,0.001385164629762901
AATS1s,0.001383867287788776
SpMAD_Dzv,0.0013800070495004469
GATS6d,0.0013736552618354607
GATS3m,0.0013716667523898116
AXp-4d,0.0013509051295546644
GATS6p,0.001349907985629623
VR3_D,0.0013386584008608482
AATSC8s,0.0013371428928205364
ATSC3i,0.0013319713561590846
AATSC5p,0.0013310048977143191
VE2_Dzi,0.0013290600594508576
GATS2s,0.0013259625370362733
MAXssCH2,0.001322062359438001
AATS3d,0.001316744785297212
ATSC4s,0.0013162859216490671
MATS4se,0.0013124587213520025
ATSC7pe,0.0013118836738100555
GATS6v,0.001308967000815588
ATSC2m,0.0013057207845292617
EState_VSA3,0.0013028486964999906
ATSC4Z,0.0012981576374313953
GATS1i,0.0012931762140013315
SpMax_D,0.0012843102234524686
ATSC3m,0.0012833375058188433
MATS7are,0.0012828556203551384
SpAD_A,0.0012781853393092598
GATS3se,0.0012778287693549833
CIC3,0.001277763145440184
GATS4are,0.001274997846921272
ATSC6v,0.0012736786254774935
ZMIC4,0.0012722302564678722
ATSC4p,0.0012720018910999395
MATS6pe,0.0012682464008707548
VE1_A,0.0012647448297753213
GATS8d,0.0012596705998735647
ATSC6are,0.0012576854663171582
MDEO-11,0.0012572576030215098
AATSC8are,0.0012566094845959672
ATSC8dv,0.0012563150332314144
AATSC1pe,0.0012545658142466378
SIC4,0.0012535911806344426
MATS3se,0.001237516332663778
ATSC2pe,0.0012365292416525499
GATS1dv,0.0012347261550624293
GATS2are,0.0012321736997162889
VR1_Dzse,0.001231984854578437
ATSC4se,0.0012316894151518634
AATS6p,0.0012304674841814064
AATS4p,0.001228524847453774
GATS5pe,0.0012285052495876235
MATS5i,0.0012268095480001855
piPC3,0.0012221249594112779
GATS2v,0.0012221141387375623
AATS1dv,0.00122136379359766
VE2_Dzm,0.0012201866767309613
ATSC8s,0.0012153491140455307
VR1_Dzm,0.001212144382887221
AATSC3are,0.0012117261697356884
MATS8c,0.0012025942883861494
GATS5m,0.0012012362032187758
BCUTm-1h,0.0012006482801912109
ATSC0dv,0.0012001014768218625
ATSC7dv,0.0011999936623339948
ATS1m,0.0011997764135696276
ZMIC1,0.0011979970604834187
ATSC6p,0.0011976038681620837
ATSC4c,0.0011951133065914298
MATS8dv,0.0011947964110816604
MATS6m,0.001193413493379905
ATSC5m,0.0011897084453848662
MATS5v,0.0011867487171238328
ATSC0c,0.001185152713569808
MATS2pe,0.001182045746642957
ATSC5i,0.0011808659730587591
MID_C,0.001178177317222777
AATSC6p,0.001175555416657289
GATS2m,0.0011733751610968227
VR2_DzZ,0.0011689584829467296
Kier3,0.0011681197478219567
Xpc-5dv,0.0011672790982663035
VR3_Dzi,0.0011667409291686017
SMR_VSA7,0.0011651334846595745
ATS1s,0.0011624890373091844
AMW,0.0011612204723082705
mZagreb2,0.0011607170741849424
MATS3Z,0.0011604765737587115
SRW04,0.0011577528338958876
ATS0m,0.001157651219321377
ZMIC3,0.0011565126531944997
MATS5dv,0.001155405317668005
MATS6are,0.001148068654378524
AATS2s,0.0011466264997445849
TIC2,0.0011450398799674388
MATS8pe,0.0011382338299055282
AATSC7se,0.001134026483686035
ATS0dv,0.001133031978120264
ATS2p,0.0011305341394329382
ATSC0s,0.00112894313559722
MID_N,0.001128899131044197
MATS3i,0.0011274169813547156
VE2_A,0.0011239566016096106
MATS4v,0.0011176565421130815
RPCG,0.0011152591222780396
VE3_Dzm,0.001112819570853145
GATS3d,0.0011094358421160203
ATS6d,0.0011046778524581677
MATS6i,0.0011032516679835888
MATS3s,0.0011021828320431036
SM1_Dzm,0.001094277111623974
AATS1v,0.0010927031297672375
MATS2d,0.0010913213128960016
BIC1,0.0010907387723135108
AATSC2p,0.0010899933083401445
LogEE_Dzse,0.0010895915195228045
ATSC2p,0.0010888658642621606
VSA_EState5,0.0010871315858148876
ATS6v,0.0010866986806405611
BCUTs-1l,0.0010860988695446806
AATS3se,0.0010823088644060744
BCUTse-1l,0.0010805948214831827
ETA_eta_F,0.001080274921903288
NssNH,0.0010778575957457927
C2SP2,0.0010763430449567356
CIC5,0.0010733468904375577
AATS7p,0.0010708037638096418
SpAD_Dzm,0.0010702387228589555
ATS3s,0.0010687244052985398
fragCpx,0.0010661607720722909
GATS8c,0.001064132814323979
AATSC2c,0.0010621513440368124
AATSC0Z,0.0010614055466607304
AATSC5are,0.001057116031191171
SlogP_VSA4,0.0010570859732421747
TopoPSA(NO),0.001056732163840008
MID_h,0.0010563112401724226
ATS6dv,0.0010551832195457777
GATS6dv,0.0010544123444617228
ATSC3dv,0.0010526915755941356
MATS7i,0.0010505090515286776
SMR_VSA6,0.0010467923513692169
VR2_Dzv,0.0010467744409213447
SpDiam_Dzpe,0.001044677679510565
MATS3m,0.0010435682464418217
AATSC6are,0.0010435546494587556
SpAbs_Dzv,0.0010422716027221723
SpMAD_Dzp,0.0010419736211171743
Xp-5dv,0.0010386619243541125
AATS5se,0.0010368845728790732
VE3_DzZ,0.0010367729015926608
AATSC2pe,0.001036459857730804
Mm,0.0010353416958061397
Mv,0.0010351334341935975
ATSC6s,0.0010339756454401218
AXp-0d,0.0010336192449732452
MWC01,0.001032175807705311
VR1_Dzi,0.001029716189316699
AATS5d,0.0010283261448375588
AATSC5i,0.001028279277080764
AATS7s,0.0010269027023059683
GATS8dv,0.0010248165146452396
VR2_Dzm,0.0010224682532707532
ATSC7s,0.0010215310863111173
AETA_eta_F,0.0010209224022009506
GATS4se,0.0010170155857938906
SpAD_Dzv,0.0010158600541587313
MATS5s,0.001015796015105064
AXp-7dv,0.0010146282842243897
SpDiam_Dzv,0.0010092384375918109
VE2_DzZ,0.0010068000864135527
JGI5,0.0010060410278963825
Xp-7d,0.0010055251539691048
SsBr,0.0010048729734120764
VE1_DzZ,0.0010048627618182177
GATS2i,0.001003301593757766
VSA_EState8,0.0010024924285136248
ATSC0Z,0.0009987250137485496
AATSC5d,0.0009977061635816093
AATS4m,0.0009927824088495846
ATSC8pe,0.0009924094117156313
SpDiam_Dzi,0.0009917258458148582
GGI7,0.00099136601948066
TpiPC10,0.0009898481346057816
ATSC4m,0.0009898038133941797
ETA_alpha,0.0009862346771624766
AXp-1d,0.0009859003540043224
AATS1se,0.000984517867544779
MATS6dv,0.0009823873391950411
BCUTare-1l,0.0009818074624209513
AATSC2m,0.0009803487986220322
AATSC2v,0.0009802225165932558
AATSC3v,0.0009779161522240644
ATS6i,0.000977208367317734
AATSC4dv,0.0009760453925879152
Spe,0.0009721975691892229
TIC1,0.0009720128588763215
AATS4Z,0.0009709954881213376
ATS5d,0.0009678698897971913
GATS8pe,0.000966530526272557
Sm,0.0009643138117665015
AATSC7pe,0.0009633220380114075
BCUTZ-1l,0.0009632247316520706
MATS1v,0.000954063971600156
GATS2d,0.00095296000560324
FCSP3,0.000952571640672317
VE1_Dzm,0.0009518740521559401
ATSC2i,0.0009516878712175651
ATSC4d,0.0009491588468564324
MATS2se,0.0009481557587451596
ZMIC5,0.0009481320184589508
GATS4s,0.0009475317051147443
ATS8p,0.0009451507281715551
GATS1d,0.0009420011113425606
AATS2i,0.0009406245101899559
ATSC6dv,0.0009381034869456986
NssCH2,0.0009332003307747635
AATS6m,0.0009321618351711652
ATS7s,0.0009312791014342214
ATSC8Z,0.0009294631405046747
AATSC1v,0.0009287384308937391
AATSC7are,0.0009268975342357706
MATS7s,0.0009261725941117774
AATSC1i,0.000924910810597877
ATSC2s,0.0009237576161720617
MIC0,0.0009217444969414346
Xp-4dv,0.0009202482349267879
AATS7are,0.00091979841332224
AATS5s,0.0009196141459907868
nBondsS,0.0009191444961386134
AATSC5Z,0.0009177228955978006
Xp-1d,0.000916260786550087
AATS8are,0.0009147798954609237
VSA_EState7,0.0009145617183260221
ATS0i,0.0009139291966599435
AATSC5se,0.0009129536292230476
MIC5,0.0009124140463442576
LogEE_Dzp,0.0009122703828169534
MATS8m,0.0009120061849134937
SMR,0.0009114268858529157
ATS2dv,0.0009113821562801785
Sare,0.000909580391570777
MATS3are,0.0009085239373399167
ATS4i,0.0009078645096133954
AATSC4i,0.000906813829577438
ATSC5s,0.0009052792461329405
BIC3,0.0009029279129687699
AATS8d,0.000902548062884184
GATS3pe,0.0009010349657173408
AATSC5v,0.0008998617844385334
ATSC6se,0.0008993214617080783
GATS5d,0.0008973355322329754
MATS1se,0.0008946898549027024
GATS4i,0.0008942710853269391
GATS7s,0.0008917091844470073
AATSC1c,0.0008902915031148318
SpMax_Dzm,0.0008893521670291367
ATSC1pe,0.0008874859527271945
VR3_Dzpe,0.0008842622141113937
MDEC-33,0.0008832050209182152
GATS3p,0.0008827988891868032
VR3_Dzm,0.0008824851278472648
MDEC-11,0.0008824347617320171
SpMax_Dzp,0.0008817816436983868
GATS7i,0.0008809643244501078
AATSC7i,0.0008807408214363979
SIC5,0.0008799169746531701
MINdO,0.000878643744108456
SssCH2,0.0008785924979176173
MAXsOH,0.0008785034965676156
nH,0.0008764194088667983
ATSC3p,0.0008753767439954947
BCUTpe-1l,0.0008707991987486123
AATSC6dv,0.0008700454702580812
AXp-5dv,0.0008697328150291156
ATS1are,0.0008688378341937838
BalabanJ,0.0008677152323550156
MDEC-13,0.0008652922034743924
ETA_beta_ns,0.0008651430038905351
ATSC0pe,0.0008648155665257191
RNCG,0.0008647229834404099
Xp-2dv,0.0008641659976952608
MATS3v,0.0008636787843020981
ATSC2d,0.000862673696446542
ATSC4pe,0.0008624457202419334
SlogP_VSA3,0.0008619468684107951
MINsCH3,0.0008605803267610981
piPC5,0.000857883289158505
AATSC3m,0.0008576180274783306
Xc-6dv,0.0008572745036241164
PetitjeanIndex,0.0008572571680741295
ATSC5dv,0.0008567004764120574
ECIndex,0.0008561275571183572
AATS3s,0.0008546892323763111
ATSC8se,0.0008544234549200442
AATSC2s,0.0008539377429630021
Xch-7dv,0.0008537782423504753
MATS1i,0.0008513955518994366
AATSC8se,0.0008503399266628308
HybRatio,0.0008486348281234922
ATSC7m,0.0008447567191841374
ETA_epsilon_5,0.0008421267624612565
MATS2m,0.0008390672721272328
BCUTp-1l,0.0008374852960208357
ATSC6c,0.0008365453002263972
MINsssCH,0.0008361927999880147
MATS4p,0.0008332254918751255
ATSC3d,0.0008330378657752663
MATS4dv,0.0008320617521466142
AMID_h,0.0008317848545456087
AATS5v,0.000830954058227748
IC2,0.0008286770765746284
MINssO,0.00082513356792497
MATS8s,0.0008174535473549127
ATSC2are,0.0008169725694009529
ATSC7se,0.0008164052930388882
JGI3,0.0008162997810750743
ETA_eta_R,0.0008143802570364878
MATS2dv,0.0008141580123702709
PEOE_VSA9,0.0008137969649693028
AATS1d,0.0008136674058698644
GATS3s,0.0008114207489331796
AATSC8pe,0.0008098146807275364
EState_VSA2,0.0008093191371860682
ATS7i,0.0008038684797041423
AATSC7dv,0.0008038374263454823
SM1_Dzare,0.0008034949032499726
BIC0,0.000802927992694731
ATS2pe,0.0008006296073382647
FilterItLogS,0.0008002894700175249
ETA_shape_p,0.0007981539921319416
ATSC5v,0.0007976264046221513
AATS4i,0.0007963503748074231
SsssN,0.0007951798737327116
ETA_epsilon_4,0.0007943655386499594
ATS8are,0.0007936897342225546
SpMax_Dzpe,0.0007926874973158768
SsOH,0.0007910400239714486
MATS2Z,0.0007892472556946746
AATS2Z,0.0007873793690680213
MWC03,0.0007871343569231145
AATS6v,0.0007860374273914416
AATSC0pe,0.000785817309879731
MATS6v,0.0007856350280228178
SMR_VSA1,0.0007853455043746075
TIC5,0.0007847107228589699
AATSC2d,0.000784440955269794
GATS2Z,0.0007799666507168801
AATSC8v,0.0007798913857839544
AATS8m,0.0007781082604538425
nAtom,0.0007776605573445414
AATSC1p,0.00077476110216841
ATSC3s,0.0007734303587879056
ATSC0are,0.0007733739154741937
SsssCH,0.0007707664510353639
SM1_DzZ,0.0007706073165989995
AATS5i,0.0007700042248027505
AATSC8c,0.0007698725109253257
AXp-4dv,0.0007696588837931705
ATSC3pe,0.0007682768791564445
AATSC4p,0.0007677611901610765
Mpe,0.0007665893805671756
ATSC8i,0.0007661457156660645
ATS3dv,0.0007642959317938664
BIC5,0.0007635071363379182
AATSC4s,0.0007631953502738702
MATS4c,0.0007631800659646199
GATS2p,0.0007614903754158106
MATS6Z,0.000759810289599693
ETA_epsilon_2,0.0007590519645730189
ATSC4i,0.0007585829959750563
BCUTi-1h,0.0007585180195772781
ETA_beta,0.0007575444698410369
Xpc-6d,0.0007573316083982479
AATSC6s,0.0007555282606547907
AATS5are,0.0007535849254568714
GATS8v,0.0007534722100210998
AATS4pe,0.0007519329999632397
MATS1dv,0.0007497737164848323
Mp,0.0007486576947462945
LogEE_Dzare,0.0007426179190569024
VE1_Dzi,0.0007420528983531794
AATSC3se,0.0007408943915594473
piPC1,0.0007407302783127977
AATS4dv,0.000738788643000653
VMcGowan,0.0007348040170022455
MATS6c,0.0007346464209936204
AATS5dv,0.0007328802758846963
ATS8Z,0.0007326832258767056
ATSC2Z,0.0007320397270024391
VR2_Dzp,0.0007295356854766659
GATS6se,0.0007232057516078659
VE1_D,0.0007230695662304915
ATS8s,0.0007218269272507174
SlogP_VSA5,0.0007213458393492355
GATS3are,0.0007211811154259661
SpMax_DzZ,0.000719318438195469
GATS4Z,0.0007183954169799646
AATS3p,0.0007182310907906774
ATSC0v,0.0007180032716741783
SpDiam_Dzm,0.0007178258414447966
AXp-2dv,0.0007172842824950276
ETA_dBeta,0.0007145717306606249
MID_O,0.0007145257368986735
GATS3v,0.000714033142553045
MAXdO,0.000713080531741325
GATS2pe,0.0007114808808614537
ATS2s,0.0007113965620040449
MAXaaCH,0.0007112202356681065
MATS3pe,0.0007110976213975414
ATSC7are,0.0007110505905289111
AETA_eta,0.0007107890252228971
SssO,0.0007102433977899017
AATS0m,0.000709925018410029
piPC10,0.0007068062346361363
SpMAD_D,0.0007065956221238012
MATS5Z,0.0007034137107155284
GATS5i,0.0007033360065226014
Xch-6d,0.0007029131656618227
VSA_EState4,0.0007028481551076054
VE2_Dzp,0.0007027523428874331
GGI4,0.0007010703939364566
SIC0,0.0006996222945384818
GATS7se,0.0006989758514175631
AATS4se,0.0006970940625049796
ETA_dEpsilon_B,0.0006953261574711023
AETA_eta_RL,0.0006952352402125959
MATS8v,0.000694415119735897
VSA_EState2,0.0006940896559580713
ATS0p,0.0006933827482945646
GATS3i,0.000692271062459923
VR1_A,0.0006890411450021584
AATSC7p,0.0006852047518221187
VR1_Dzp,0.0006846111203415225
VE3_Dzi,0.0006845642353701273
MPC3,0.0006831567151420618
ATSC2v,0.0006815800091705257
SdssC,0.0006799029477160214
AATSC1dv,0.0006794985286084328
CIC4,0.0006786268027534031
MINssCH2,0.0006784523897141364
ATS3v,0.0006781209105507882
AATS3Z,0.0006771271265452898
Mse,0.0006769423368501988
GATS7are,0.0006761112111727041
AATS6se,0.0006751083669161906
ATSC6d,0.0006738188277168578
n6Ring,0.0006729555349215519
GATS7p,0.0006722962670636448
AATS6d,0.0006720367465649794
nBondsO,0.0006712422037172955
AATSC3s,0.0006709111370291145
GGI6,0.00067068957323156
AATSC0i,0.0006701811848877519
SdsCH,0.0006693010914437055
SlogP_VSA8,0.0006686620265711411
ATSC8m,0.0006676805845462902
SpMAD_Dzpe,0.0006667007273936842
VE1_Dzv,0.0006647894495159407
GATS5are,0.0006624467285363322
AATS3m,0.0006622240168342443
AETA_eta_L,0.0006621407422298595
AATS6pe,0.000661191260455125
PEOE_VSA8,0.0006609183556219
AETA_eta_B,0.0006585973121208726
ATS1d,0.0006585777426138582
ATSC5se,0.0006579557988967577
ATS2m,0.0006541182969674653
ATS5dv,0.0006539479132704738
VSA_EState3,0.0006530056823296207
AATS0p,0.0006527361592815106
SMR_VSA4,0.0006527324161812849
MAXsCH3,0.0006524294437497266
GATS2se,0.0006499854235107707
AXp-3dv,0.0006467768538765297
AATS0dv,0.0006464729743776608
ATS2Z,0.0006459642602957627
AATS7se,0.0006455364997190814
AATSC7c,0.0006449601840734909
ATS6s,0.0006437413524274129
AETA_beta,0.0006425986919346495
Xpc-4dv,0.0006422806846201556
Xc-5d,0.0006408060584582974
AATSC3i,0.0006401407995309048
Xp-3d,0.0006385957015811541
PEOE_VSA11,0.0006383707069095377
MINssssC,0.0006366917969030492
AATS3dv,0.0006359462495602062
ATSC6Z,0.0006358253208554176
LogEE_Dzpe,0.0006357062303386712
GATS2dv,0.0006324115254445408
AATSC7Z,0.0006318607909287492
MWC10,0.0006315329483351391
LogEE_D,0.0006310918528553585
BCUTdv-1h,0.0006306527638220842
MATS5are,0.0006292410642358029
SRW10,0.0006258203746141908
SM1_Dzv,0.0006257799245153793
ATS5i,0.0006247954927835524
AATS7Z,0.000623961225058178
ATS5v,0.0006227188120877434
GATS7Z,0.000622692408111498
AXp-3d,0.0006198502763038651
AATSC8d,0.0006197297301322216
C3SP3,0.0006194756273313287
TopoShapeIndex,0.0006192714749228539
ATS1Z,0.000617085795742435
ATSC6pe,0.0006170759277945204
ATS6se,0.0006170044760907762
SIC1,0.0006169682095946284
AATSC1d,0.000615991738891105
ATS8pe,0.0006130947844966314
SMR_VSA3,0.0006122528805561195
AATSC3d,0.0006120995356709672
AATSC4pe,0.0006115551556169842
ATS6m,0.0006114444728753479
AATS6dv,0.0006085610861019213
AATSC7m,0.0006079352866167401
MATS5pe,0.0006061255577555261
AATS6Z,0.0006060490247772038
C1SP2,0.0006051232793028244
SZ,0.0006049657252922918
ETA_psi_1,0.0006037771237617343
ATS5s,0.0006033507088190906
ATSC6m,0.0006017813957274736
SpAbs_Dzi,0.0006015123805955357
IC0,0.0006006017869059372
VAdjMat,0.0005972953850040485
MATS2i,0.0005970843976556344
AATSC2dv,0.0005961645564804214
nHetero,0.0005961270548200733
MATS4pe,0.0005951904627698488
MPC6,0.0005951047701269234
SMR_VSA9,0.0005948663278992807
BCUTm-1l,0.0005935241868765396
ATSC5d,0.0005931545049313979
AETA_dBeta,0.0005918074512894247
ATSC8v,0.0005907366305906414
SpDiam_A,0.0005899834678881324
MATS2s,0.0005898128404906391
AATS5p,0.0005865045010238617
AATS2m,0.0005786547417927668
EState_VSA8,0.0005784357960924296
nHRing,0.0005777347003864353
BCUTi-1l,0.0005775908674119002
AATSC3pe,0.0005765800343379851
GATS4d,0.0005762709516856171
VSA_EState1,0.0005756244370790622
nBr,0.0005726350414997386
ATS4dv,0.0005709712868048429
AATSC0d,0.0005695638565542131
ATS5se,0.0005692099419155218
AATSC8dv,0.0005691158253319901
GATS3c,0.0005681653847885635
ETA_dAlpha_B,0.0005670729858405458
AATSC3dv,0.0005666645044731639
MIC1,0.0005653327418493182
SpAD_D,0.0005638404423156613
AATS6are,0.0005632299091401232
SsCH3,0.000562290474934237
SpAD_Dzp,0.0005612403706033152
AATSC6v,0.0005609685028299083
ATS5pe,0.0005609383991020493
VR2_A,0.0005585022102542648
GATS5p,0.0005578737560572687
AATSC6i,0.000557740865350109
AATSC6Z,0.0005572132559859669
SpMax_A,0.0005569165605721898
ETA_dEpsilon_A,0.0005551731532953268
MINsssN,0.0005545915291514984
MATS7p,0.000552584266644104
AATS8pe,0.0005517240639952392
SIC3,0.0005513518080086546
ATS3i,0.0005511086438768365
C1SP3,0.0005497106517155521
ATS7dv,0.0005494525369339677
ATSC7d,0.0005485068568730862
ATSC5c,0.0005459279213051415
Xch-6dv,0.0005459185910199188
mZagreb1,0.0005455076990574243
AATSC4v,0.000545263920936855
BCUTd-1l,0.000542896929720264
EState_VSA9,0.0005427435756323718
AATSC5s,0.0005421012962560218
SpMax_Dzv,0.0005420695502896552
BIC4,0.0005409105155002406
GGI2,0.00054025516892114
AXp-7d,0.0005399370406738768
AATS0se,0.0005399359242623295
ATS4d,0.0005392911179183795
MAXssNH,0.0005388748158739172
SIC2,0.0005386088092117696
IC1,0.0005314195014060098
ATSC8p,0.0005304952514582649
MDEC-14,0.0005300991035033488
ATS3p,0.0005300695737216968
ATSC7i,0.0005288735183577548
MAXdsCH,0.0005284475192470409
SpAbs_Dzp,0.0005273508640851374
MATS8se,0.000527261670155106
ATS4are,0.0005257043988179957
C3SP2,0.000524427999772528
nN,0.0005231512445590552
ETA_shape_x,0.0005231389004097774
ATS6p,0.0005221358190518207
SpDiam_Dzare,0.0005220848540509682
MINaaCH,0.0005217606705283655
MATS6s,0.0005206849861472788
GATS8Z,0.0005199000161293412
MINaasC,0.0005196935640055641
ATS0pe,0.000516589013465477
SpMAD_Dzare,0.0005160921248953727
MATS5d,0.000516039019018911
AATSC8Z,0.000516004812189965
MATS4s,0.0005157825657019049
MATS7v,0.0005142659484990728
MATS1d,0.0005117413013134571
ETA_epsilon_3,0.00051107770959717
TMWC10,0.0005079437690379354
AATS0pe,0.0005059721415728808
ATSC3se,0.0005045685745232434
VR3_Dzare,0.0005041230604455685
GATS6c,0.0005032832023278203
MATS8are,0.0005028478838816165
VR1_Dzpe,0.0005027680806696139
GATS6s,0.000502490873465584
MATS2p,0.0005023037686864702
AETA_beta_ns,0.0005016797251051886
nAromAtom,0.000501343101266275
VR3_DzZ,0.0005011904912942056
GATS4pe,0.0005006059297611648
AATS7v,0.0005005604948381819
ETA_eta_FL,0.000498915768009408
ATS3m,0.0004987550545671226
AATS7i,0.0004978494403905819
AATSC5pe,0.0004977607752563714
Radius,0.0004967358876653085
GATS5v,0.000496357038624376
MDEO-12,0.0004961947867559027
ATS2d,0.0004951157235175505
AATSC6se,0.0004950347033861072
VE2_Dzv,0.0004947289339586456
ETA_dEpsilon_C,0.0004941353636991529
ETA_eta,0.0004912961923780456
AATSC5c,0.000490612060488976
ATS4Z,0.000490391555432123
Xch-5dv,0.0004903736943138047
Xc-3d,0.0004893292806617474
MDEC-23,0.000487871999457748
ETA_shape_y,0.00048757829807905093
bpol,0.00048667540168457536
MATS2are,0.0004856434867752098
ATSC4dv,0.00048348900911799296
NdssC,0.0004830406606425916
ATSC7Z,0.000481277219181961
MATS5p,0.0004811246557119184
Sv,0.0004771358787155094
AATSC0dv,0.0004769708002826452
CIC2,0.0004766112153185211
VR3_Dzp,0.00047540567095536097
Xp-6dv,0.00047429875579597664
naRing,0.0004705381372148526
ATSC5pe,0.0004692222412488248
VE2_Dzse,0.0004687648128465536
AATSC6m,0.0004685987014460648
BCUTse-1h,0.00046782234242292753
AATS5Z,0.0004668622173875559
VR1_D,0.0004662570580190547
MDEC-34,0.0004659816782005049
ATS6pe,0.0004659760510677741
AATS0s,0.00046523696774248625
nHeavyAtom,0.00046406214121428994
SpMAD_Dzi,0.0004609833112255031
AATS7pe,0.00046076071638629946
Xpc-6dv,0.0004592778974150509
MATS4are,0.0004574828672059451
AATS8s,0.00045511063270540906
GGI1,0.0004548224846077545
PEOE_VSA6,0.00045462431714760813
AATSC2are,0.0004543892170906768
NssO,0.00045391255201874425
AATS4d,0.000452822840347148
ATS7pe,0.00045083252028282265
AXp-0dv,0.0004496017869076718
ATS8dv,0.0004480891607900979
Si,0.00044802255729814916
AATS7dv,0.000446595950183763
GATS8are,0.00044646372614695346
GATS6are,0.00044578032182818075
MINssNH,0.0004436628736514748
nS,0.00044358894488187096
AATS2se,0.0004434496884487995
ATSC5Z,0.00044296392303097326
ATS8i,0.00044234085547742766
NssssC,0.00044193408456178
SpAD_Dzare,0.0004417277413245456
MATS6p,0.00044050230159373523
ATSC1dv,0.00043879888778896827
BCUTare-1h,0.0004383756367842016
IC3,0.0004379810778272385
AATS5pe,0.0004377535195145835
VR3_Dzv,0.00043751271635770225
MWC07,0.0004342975979963015
ATS7v,0.0004334957164167429
AATSC4are,0.0004320344309533623
ATSC7c,0.0004304011615969448
AXp-1dv,0.0004299760241986431
BertzCT,0.00042772750842928953
ATSC1d,0.0004272231657721454
MWC08,0.00042719159028275415
VE3_Dzse,0.00042627875334278967
AATS3v,0.00042604042333924374
AATS1are,0.00042532071292253446
ATS7Z,0.0004251761599449391
Xp-6d,0.00042419694156617806
AATS8Z,0.0004239914379768836
ATS4s,0.00042217258693548693
AXp-6d,0.00042070904500197715
ATS6are,0.00042030205446897306
AATS8se,0.00042019670722509317
AATS1pe,0.00041992709619510685
Vabc,0.0004199112563817288
ATSC7v,0.00041949645031631093
Xp-2d,0.00041840282879732267
AMID_O,0.0004174093174142013
AATS6s,0.0004165613296574996
GATS3dv,0.0004148974692241376
AATSC6pe,0.00041454007961126997
MPC8,0.00041422735133619584
SpAbs_Dzm,0.0004128180692867227
VR2_D,0.0004122486514691847
Xch-5d,0.0004122042918104336
MIC3,0.00041136891424857686
AATSC5dv,0.0004113559155657938
MATS7se,0.0004099183452649792
Xch-7d,0.00040933684467400934
AETA_eta_R,0.0004091699805966065
MDEC-22,0.0004074627735737418
ATSC1v,0.0004068514283326974
AXp-5d,0.0004051297595823078
SRW08,0.0004047147151327504
ATSC3v,0.0004039147065892672
ATS3pe,0.00040019457350556507
SaasC,0.00039591019066592404
SM1_Dzse,0.00039447644576800584
MIC2,0.0003933287685913917
VR2_Dzi,0.0003931006766571169
MATS7Z,0.0003908138173205401
ATS4p,0.0003886499861932072
AATS8v,0.00038829561663396056
MATS5c,0.00038742340435005476
AATS4are,0.00038582544498670017
SpMax_Dzi,0.0003848521133847302
SpDiam_Dzse,0.0003844545884028104
nHBAcc,0.0003840777654787767
JGI7,0.00038370394943790226
SpAD_Dzi,0.00038285397615482093
MAXssssC,0.00038065844748616946
ATSC4v,0.0003802395104047965
GATS4p,0.0003784536689145665
ATS3Z,0.00037809683628358667
ETA_dAlpha_A,0.0003770227765692622
AATSC6c,0.000375175048878378
MATS3dv,0.0003746269482591571
NsssN,0.00037462600655558136
MPC9,0.00037349001315876713
GATS4c,0.00037338543681694563
AXp-2d,0.0003727919577870382
VR2_Dzse,0.00037237219883625843
GATS8s,0.00037076483209981195
JGI10,0.0003707633937703208
BCUTv-1l,0.0003699216015359837
ATS1p,0.00036914280595275157
AATSC7s,0.0003674184917614018
ATSC0d,0.0003639746723496122
AATSC5m,0.00036083387223257427
MWC02,0.0003602693986216586
AATSC2i,0.000359147287838758
Xp-5d,0.00035801700574194574
MATS5se,0.00035780969201785784
AATS5m,0.0003576868107721664
ATS4m,0.0003572551421333029
n11ARing,0.00035617224012457374
MINdsCH,0.0003541313490557993
NaasC,0.00035405386026511013
MAXaasC,0.00035051459241835034
ATS5m,0.00034941928911662285
MATS5m,0.0003467153293444319
EState_VSA10,0.00034527267847778484
AATS4v,0.00034470835857111225
NsBr,0.0003436943188796948
SlogP_VSA10,0.0003433553779246654
VSA_EState9,0.0003409873661252067
MDEC-12,0.0003407495027846709
AETA_eta_BR,0.00034012110243917995
VR1_DzZ,0.0003395762982815723
MAXsssCH,0.00033638738983891235
EState_VSA6,0.00033185077408286174
GATS4dv,0.00032863780837884716
ATSC3Z,0.00032844161746586
MDEC-24,0.0003278962723061163
JGI4,0.00032720513236570527
MATS2v,0.0003270783369842989
ATS7d,0.0003259825210949908
JGI6,0.00032579914841612145
AATSC6d,0.00032234551154633863
GATS8m,0.000321844836795194
nBondsKS,0.0003202696463679877
MDEN-22,0.0003181023230804333
AATS8dv,0.0003159069477133886
VR2_Dzpe,0.0003115600571887374
Sse,0.0003115313535026374
NsssCH,0.00031151058094746015
ATS4se,0.00030764310558699983
VE3_Dzare,0.00030697781785700965
ATS1pe,0.0003061996707028519
apol,0.0003044340180093182
nAcid,0.00030378750613960426
AMID_C,0.0003037744431104848
GATS8se,0.00030373260356368137
SpMAD_Dzse,0.00030195392146565886
MAXsssN,0.0002984960038374726
MWC09,0.00029791378837782235
MPC5,0.0002966929094377548
LogEE_A,0.0002955109993214551
ETA_epsilon_1,0.0002943432127497161
n6ARing,0.0002941629453730534
MATS7dv,0.0002936594372752573
AATS0are,0.00029290571841051965
VE3_Dzpe,0.00028814034073677396
SpAD_DzZ,0.00028704688309288913
nO,0.0002836530387067716
VE3_Dzp,0.00028351534858227505
SpMax_Dzare,0.000280891379529325
VR2_Dzare,0.0002808763706113638
piPC4,0.0002800076595372534
LabuteASA,0.00027868199690930204
GATS3Z,0.0002767773667811432
LogEE_Dzm,0.00027569980707979635
VR1_Dzv,0.0002753096539596152
GATS7c,0.0002744445335045726
AATS6i,0.00027363055030356023
EState_VSA5,0.00027294857214794904
SRW09,0.0002728503427902482
MPC7,0.0002721336690955416
ATS3are,0.0002715918543246579
ATS0se,0.0002714323136237121
AATSC0s,0.00027072669087477015
nAromBond,0.0002682242189798452
ATSC5are,0.0002660061565879559
GATS4v,0.0002637578434425029
MATS8Z,0.0002633136085388753
AATS4s,0.0002624117675177949
SpAD_Dzpe,0.0002622000148176458
AMID_N,0.0002611153786367852
MINdCH2,0.0002605868873758307
ATS1se,0.00025781410012437573
MDEN-33,0.00025770386806941775
SdO,0.0002576367880136787
SlogP_VSA6,0.0002574825004153554
MAXdCH2,0.00025680251222442004
ZMIC0,0.0002557719174012433
GATS7v,0.0002556664646348552
GGI3,0.00025515503106480835
ATS2i,0.00025298269950316385
Diameter,0.0002506849609305951
ATS8d,0.0002497353901255598
PEOE_VSA10,0.0002495203874221108
EState_VSA7,0.0002483039385148388
SpAbs_Dzpe,0.00024809095923152767
nBondsKD,0.00024787657376780053
ATS5p,0.0002477681609952004
VSA_EState6,0.00024766242227697375
VE3_A,0.0002462340792039507
MATS7c,0.0002447672651912924
GATS7dv,0.00024470532127821547
SpAD_Dzse,0.0002443159652098883
Xp-0dv,0.0002441560010319014
SRW06,0.0002430582335102937
GGI9,0.00024265192811904609
AATS3are,0.00024062318739910373
AATS7d,0.0002394911740646525
ATS0d,0.00023446698455932048
Xpc-4d,0.00023331368146410603
LogEE_DzZ,0.0002296633289605809
NsOH,0.00022811993607763407
ATSC0se,0.0002270994344000854
SM1_Dzi,0.0002231843027817288
MID_X,0.0002217906996200119
NdsCH,0.00022176504322982124
PEOE_VSA3,0.0002210614953755683
n5aRing,0.00022062291924105027
ATS3se,0.00021813650898318545
SaasN,0.00021679555632206067
SMR_VSA5,0.0002159963801690364
ATS7m,0.00021484206158696117
TMPC10,0.00021376592499031176
SMR_VSA2,0.0002136049167649366
SpAbs_D,0.00021328571738946832
nBondsM,0.00021265025473237006
Lipinski,0.000212298149211818
VE2_D,0.00021174178314274712
ETA_eta_B,0.00021130851705228318
MDEC-44,0.00021063172075200782
MAXssS,0.00020968914039525693
AATSC4d,0.00020934752133279193
Xpc-5d,0.00020823823130507486
SpDiam_D,0.00020736406471446163
MIC4,0.00020730425955776553
MPC4,0.00020621825134080958
WPath,0.00020498457487953266
MDEN-12,0.00020422278535410062
ETA_eta_BR,0.00020172828414874452
VE1_Dzse,0.00020148316576525097
AATS8p,0.0001987925824600557
ATS7p,0.00019706116081422468
GGI5,0.00019628364738178035
SpMAD_Dzm,0.00019517955791775434
MPC10,0.00019483514260434782
MAXssO,0.0001944607791660907
n6AHRing,0.00019360318055498284
SlogP_VSA11,0.00019333838868148333
SaaCH,0.0001915512506979644
naHRing,0.00019012310464561525
MINaasN,0.00018883613553550448
ATSC2dv,0.00018806258226509296
NdsN,0.0001876970286821735
EState_VSA1,0.00018729936185448646
MINaaO,0.00018703909061210537
SpDiam_DzZ,0.00018412057684863076
MATS6d,0.00018230051475405927
JGI2,0.0001817005747231682
MPC2,0.0001792408923133522
JGI1,0.0001775388484594985
AATS2dv,0.00017629936648351269
GATS6pe,0.00017608151091274616
ATS8se,0.0001744065890894782
MWC05,0.00017345023761131337
nBridgehead,0.0001721671491862141
Xch-4d,0.00017132521146125444
ATS4v,0.00017070125418609285
Xp-3dv,0.000169567197078703
ATSC0i,0.0001689994653443423
MWC06,0.00016754662145163188
ATS6Z,0.00016337564755746566
Mare,0.00016189390111281466
AATS7m,0.00016115172730524923
NaaN,0.00015836606096618475
NsCl,0.00015791637345070097
AATSC0are,0.0001574658827223321
PEOE_VSA4,0.00015311258138769486
PEOE_VSA13,0.00015296890912648705
TSRW10,0.00015240969218596086
nFHRing,0.00015195525381188764
MAXdsN,0.00015118516319634313
VE2_Dzpe,0.00015002647292410463
NtsC,0.00014944761049244835
GATS5se,0.00014913830600778177
nBondsA,0.00014801748003002361
VE3_Dzv,0.00014765690158102934
MINaaN,0.0001471424659677671
NsCH3,0.0001462352912829507
nG12FaHRing,0.00014352522025675476
n7HRing,0.00014306293173108105
ATS7se,0.0001422702854854427
ATS4pe,0.00014169697203344114
MAXsNH2,0.00014067355299242812
MW,0.00014004050106806673
TIC3,0.00013878125990935273
Xc-6d,0.00013819141655536645
n5AHRing,0.00013668081460603955
Xp-7dv,0.00013639934755157706
AATSC8m,0.00013567644304330494
nFAHRing,0.00013405189544317894
nFRing,0.00013258222386141818
AATSC0se,0.00013097068765646533
AETA_eta_FL,0.00012978335750608307
MAXtN,0.00012963659492299794
JGT10,0.00012546468163086172
ATS7are,0.00012487020447562763
TIC0,0.0001243294509132592
SpAbs_Dzare,0.00012354919967589133
nG12FRing,0.00012167731524891516
Zagreb1,0.0001203798683875617
nBondsD,0.00011923962294248055
Xc-5dv,0.00011923231232840489
MZ,0.00011780333579468264
ATS3d,0.00011599223946784923
AATSC7v,0.00011530091226680189
nAHRing,0.00011378441103676115
MATS7pe,0.00011334376605985387
Xc-3dv,0.0001111745402706904
C2SP3,0.00010892171699521114
NaaS,0.00010736095142959459
MINtN,0.00010728479851532154
nCl,0.00010609336987449551
ETA_dPsi_A,0.00010423570008393545
MWC04,0.00010420056501782647
VE1_Dzare,0.00010280469934959768
SaaaC,0.00010048894271755744
MINdsN,0.00010025343022821733
ATS2are,0.0001001962916045669
ATS2se,9.861953171870478e-05
n5Ring,9.800308579106517e-05
ATS1i,9.797873498566607e-05
SM1_Dzpe,9.756173852317443e-05
MINdssS,9.657482557955321e-05
Xc-4d,9.612976325362278e-05
GGI10,9.585673629205701e-05
NdO,8.873916679845762e-05
SsSH,8.78092667566352e-05
TIC4,8.64145391556555e-05
n7FHRing,8.606493429630603e-05
nC,8.329127832506254e-05
SpAbs_DzZ,8.26514104903959e-05
PEOE_VSA2,8.127798258468834e-05
ATS5are,8.080290941999396e-05
ATS0are,7.828486776152787e-05
ATS1v,7.642696505561955e-05
SaaN,7.382246227017308e-05
nBondsT,6.823344842953467e-05
Xc-4dv,6.791131872281306e-05
SssssC,6.0609482400630606e-05
SM1_Dzp,5.995836443258747e-05
ETA_beta_ns_d,5.906045193594094e-05
n4Ring,5.616575137294059e-05
n4HRing,5.518344911885731e-05
SdCH2,5.483133169259677e-05
Xp-0d,5.447317650370585e-05
MINsCl,5.4133537708457734e-05
VR3_Dzse,5.379925619175988e-05
n7AHRing,5.318922444665776e-05
VR1_Dzare,5.29587488318086e-05
ETA_eta_L,5.271870863308223e-05
MAXaaO,5.258679145959545e-05
NsNH2,5.226628454301371e-05
MDEO-22,5.185263109013183e-05
AATSC3p,5.176218021348916e-05
NssS,5.156117523671301e-05
n5HRing,5.105341819820688e-05
MAXaaaC,5.058989562879933e-05
n3Ring,4.874281397597208e-05
n6HRing,4.856314750863345e-05
MINaaaC,4.800208112248479e-05
GATS7m,4.7736372035725284e-05
n9ARing,4.658707991973366e-05
nBonds,4.639085480555874e-05
SsCl,4.604245312209914e-05
n12FHRing,4.516810548938184e-05
nG12FAHRing,4.3342274511428474e-05
AETA_beta_ns_d,4.243831631647873e-05
n9FRing,3.784641679892566e-05
nG12Ring,3.706508309752501e-05
nFaRing,3.696784195253805e-05
ATSC0p,3.640562917147834e-05
GhoseFilter,2.9105551962277537e-05
SpMax_Dzse,2.8611863155303964e-05
ATS2v,2.799934166422467e-05
nARing,2.7469281663516062e-05
NaaNH,2.7173383719344726e-05
Xp-1dv,2.7108433734939754e-05
n10FARing,2.530691649701435e-05
n7Ring,0.0
nRing,0.0
n8Ring,0.0
AMID_X,0.0
SssssSn,0.0
SsssSnH,0.0
SsI,0.0
SsPbH3,0.0
SssPbH2,0.0
SsssPbH,0.0
MAXsssB,0.0
n8ARing,0.0
n10ARing,0.0
n12ARing,0.0
nG12ARing,0.0
n3AHRing,0.0
n4AHRing,0.0
n11aHRing,0.0
n12aHRing,0.0
nG12aHRing,0.0
n3ARing,0.0
SssssPb,0.0
MINaaNH,0.0
MINdNH,0.0
MINsNH2,0.0
SsGeH3,0.0
SddssS,0.0
SdssS,0.0
SaaS,0.0
n12Ring,0.0
MDEN-23,0.0
SsssssAs,0.0
SsssdAs,0.0
SsssAs,0.0
SssAsH,0.0
SsAsH2,0.0
SssssGe,0.0
SsssGeH,0.0
SssS,0.0
SpAbs_Dzse,0.0
MAXtCH,0.0
n3HRing,0.0
n4ARing,0.0
n11Ring,0.0
n10Ring,0.0
n9Ring,0.0
n4aRing,0.0
VE1_Dzpe,0.0
nG12HRing,0.0
n12HRing,0.0
n11HRing,0.0
n10HRing,0.0
n9HRing,0.0
n8HRing,0.0
MDEN-13,0.0
MDEN-11,0.0
n3aRing,0.0
SsNH3,0.0
StsC,0.0
SddC,0.0
SsSiH3,0.0
SsF,0.0
SaaO,0.0
SssssN,0.0
SddsN,0.0
n6aHRing,0.0
SsssNH,0.0
n12FaRing,0.0
n11FARing,0.0
n9FARing,0.0
n8FARing,0.0
n7FARing,0.0
n6FARing,0.0
n5FARing,0.0
NsssP,0.0
SdsN,0.0
n4FRing,0.0
nG12AHRing,0.0
n12AHRing,0.0
n11AHRing,0.0
n10AHRing,0.0
n9AHRing,0.0
n8AHRing,0.0
StCH,0.0
SsNH2,0.0
n11FRing,0.0
n10FRing,0.0
n8FRing,0.0
n7FRing,0.0
n6FRing,0.0
StN,0.0
SaaNH,0.0
SdNH,0.0
SssNH2,0.0
n12FRing,0.0
nG12aRing,0.0
n12aRing,0.0
n11aRing,0.0
n10aRing,0.0
n9aRing,0.0
n8aRing,0.0
n7aRing,0.0
n6aRing,0.0
NssPH,0.0
n9aHRing,0.0
n8aHRing,0.0
n7aHRing,0.0
SssGeH2,0.0
n5aHRing,0.0
n4aHRing,0.0
n3aHRing,0.0
n7ARing,0.0
n5ARing,0.0
n10aHRing,0.0
NsPH2,0.0
NssssSi,0.0
nSpiro,0.0
n5FAHRing,0.0
n4FAHRing,0.0
nG12FARing,0.0
NsGeH3,0.0
NddssS,0.0
NdssS,0.0
ETA_dPsi_B,0.0
NsSH,0.0
NsssssP,0.0
NdsssP,0.0
n12FAHRing,0.0
NsssB,0.0
NssBH,0.0
NssssBe,0.0
NssBe,0.0
NsLi,0.0
NdS,0.0
SdsssP,0.0
SsssP,0.0
SssPH,0.0
SsPH2,0.0
SssssSi,0.0
SsssSiH,0.0
n11FHRing,0.0
n10FHRing,0.0
SdSe,0.0
n8FHRing,0.0
n6FHRing,0.0
n5FHRing,0.0
n4FHRing,0.0
n9FaRing,0.0
n8FaRing,0.0
n7FaRing,0.0
n6FaRing,0.0
n5FaRing,0.0
n9FHRing,0.0
MINdS,0.0
MINsSH,0.0
MINsF,0.0
MINddsN,0.0
Sp,0.0
NddsN,0.0
NsssNH,0.0
NtN,0.0
SsssssP,0.0
MINsI,0.0
MINsBr,0.0
NsssSiH,0.0
NssSiH2,0.0
NsSiH3,0.0
NsF,0.0
NaaO,0.0
NssssN,0.0
NaasN,0.0
NdNH,0.0
nI,0.0
nB,0.0
n12FARing,0.0
SssSiH2,0.0
SdS,0.0
NssssB,0.0
n5FRing,0.0
n4FARing,0.0
n4FaRing,0.0
n12FaHRing,0.0
n11FaHRing,0.0
n10FaHRing,0.0
n9FaHRing,0.0
n8FaHRing,0.0
n7FaHRing,0.0
n6FaHRing,0.0
n5FaHRing,0.0
n4FaHRing,0.0
nFARing,0.0
nG12FHRing,0.0
nG12FaRing,0.0
nP,0.0
Zagreb2,0.0
nF,0.0
nBase,0.0
n11FaRing,0.0
n10FaRing,0.0
nX,0.0
n10FAHRing,0.0
n9FAHRing,0.0
n8FAHRing,0.0
n7FAHRing,0.0
n6FAHRing,0.0
ATS5Z,0.0
SRW07,0.0
SRW05,0.0
SRW03,0.0
n11FAHRing,0.0
SlogP_VSA9,0.0
SlogP_VSA7,0.0
MAXaaS,0.0
MAXdS,0.0
MAXsSH,0.0
MAXsF,0.0
MAXaasN,0.0
MAXddsN,0.0
MINssS,0.0
MINtsC,0.0
MINtCH,0.0
MINsssB,0.0
MAXsI,0.0
MAXsBr,0.0
MAXsCl,0.0
MAXddssS,0.0
MAXdssS,0.0
NsssGeH,0.0
MAXaaN,0.0
SssSnH2,0.0
SsSnH3,0.0
SddssSe,0.0
SdssSe,0.0
SaaSe,0.0
SssSe,0.0
nFaHRing,0.0
SsSeH,0.0
MAXtsC,0.0
Xch-4dv,0.0
Xch-3dv,0.0
Xch-3d,0.0
C4SP3,0.0
SssssB,0.0
SsssB,0.0
SssBH,0.0
MAXaaNH,0.0
MAXdNH,0.0
SMR_VSA8,0.0
NssSe,0.0
SssssBe,0.0
SssBe,0.0
SsLi,0.0
NssssPb,0.0
NsssPbH,0.0
NssPbH2,0.0
NsPbH3,0.0
NssGeH2,0.0
NssNH2,0.0
NsNH3,0.0
NaaaC,0.0
NddC,0.0
NaaCH,0.0
NtCH,0.0
NdCH2,0.0
MINddssS,0.0
MINaaS,0.0
NsI,0.0
C2SP1,0.0
C1SP1,0.0
PEOE_VSA12,0.0
PEOE_VSA5,0.0
NdSe,0.0
NsSeH,0.0
NsssssAs,0.0
NsssdAs,0.0
NaaSe,0.0
NssAsH,0.0
NsAsH2,0.0
NssssGe,0.0
NssssSn,0.0
NsssSnH,0.0
NssSnH2,0.0
NsSnH3,0.0
NddssSe,0.0
NdssSe,0.0
NsssAs,0.0
