Model,Descriptor,True_Class,Predicted_Class,Count
Logistic Regression,Avalon,0,0,29
Logistic Regression,Avalon,0,1,21
Logistic Regression,Avalon,0,2,20
Logistic Regression,Avalon,1,0,13
Logistic Regression,Avalon,1,1,90
Logistic Regression,Avalon,1,2,22
Logistic Regression,Avalon,2,0,21
Logistic Regression,Avalon,2,1,33
Logistic Regression,Avalon,2,2,51
Logistic Regression,MACCS,0,0,32
Logistic Regression,MACCS,0,1,19
Logistic Regression,MACCS,0,2,19
Logistic Regression,MACCS,1,0,15
Logistic Regression,MACCS,1,1,87
Logistic Regression,MACCS,1,2,23
Logistic Regression,MACCS,2,0,11
Logistic Regression,MACCS,2,1,33
Logistic Regression,MACCS,2,2,61
Logistic Regression,Mordred,0,0,28
Logistic Regression,Mordred,0,1,12
Logistic Regression,Mordred,0,2,30
Logistic Regression,Mordred,1,0,13
Logistic Regression,Mordred,1,1,91
Logistic Regression,Mordred,1,2,21
Logistic Regression,Mordred,2,0,15
Logistic Regression,Mordred,2,1,30
Logistic Regression,Mordred,2,2,60
Logistic Regression,Morgan,0,0,24
Logistic Regression,Morgan,0,1,19
Logistic Regression,Morgan,0,2,27
Logistic Regression,Morgan,1,0,6
Logistic Regression,Morgan,1,1,88
Logistic Regression,Morgan,1,2,31
Logistic Regression,Morgan,2,0,13
Logistic Regression,Morgan,2,1,35
Logistic Regression,Morgan,2,2,57
Logistic Regression,RDKit,0,0,28
Logistic Regression,RDKit,0,1,19
Logistic Regression,RDKit,0,2,23
Logistic Regression,RDKit,1,0,8
Logistic Regression,RDKit,1,1,100
Logistic Regression,RDKit,1,2,17
Logistic Regression,RDKit,2,0,17
Logistic Regression,RDKit,2,1,29
Logistic Regression,RDKit,2,2,59
MLP,Avalon,0,0,27
MLP,Avalon,0,1,22
MLP,Avalon,0,2,21
MLP,Avalon,1,0,15
MLP,Avalon,1,1,89
MLP,Avalon,1,2,21
MLP,Avalon,2,0,17
MLP,Avalon,2,1,38
MLP,Avalon,2,2,50
MLP,MACCS,0,0,35
MLP,MACCS,0,1,18
MLP,MACCS,0,2,17
MLP,MACCS,1,0,18
MLP,MACCS,1,1,90
MLP,MACCS,1,2,17
MLP,MACCS,2,0,21
MLP,MACCS,2,1,28
MLP,MACCS,2,2,56
MLP,Mordred,0,0,31
MLP,Mordred,0,1,18
MLP,Mordred,0,2,21
MLP,Mordred,1,0,9
MLP,Mordred,1,1,95
MLP,Mordred,1,2,21
MLP,Mordred,2,0,18
MLP,Mordred,2,1,25
MLP,Mordred,2,2,62
MLP,Morgan,0,0,19
MLP,Morgan,0,1,26
MLP,Morgan,0,2,25
MLP,Morgan,1,0,15
MLP,Morgan,1,1,85
MLP,Morgan,1,2,25
MLP,Morgan,2,0,21
MLP,Morgan,2,1,35
MLP,Morgan,2,2,49
MLP,RDKit,0,0,29
MLP,RDKit,0,1,17
MLP,RDKit,0,2,24
MLP,RDKit,1,0,11
MLP,RDKit,1,1,91
MLP,RDKit,1,2,23
MLP,RDKit,2,0,22
MLP,RDKit,2,1,20
MLP,RDKit,2,2,63
Random Forest,Avalon,0,0,20
Random Forest,Avalon,0,1,27
Random Forest,Avalon,0,2,23
Random Forest,Avalon,1,0,9
Random Forest,Avalon,1,1,96
Random Forest,Avalon,1,2,20
Random Forest,Avalon,2,0,11
Random Forest,Avalon,2,1,36
Random Forest,Avalon,2,2,58
Random Forest,MACCS,0,0,28
Random Forest,MACCS,0,1,18
Random Forest,MACCS,0,2,24
Random Forest,MACCS,1,0,9
Random Forest,MACCS,1,1,95
Random Forest,MACCS,1,2,21
Random Forest,MACCS,2,0,12
Random Forest,MACCS,2,1,28
Random Forest,MACCS,2,2,65
Random Forest,Mordred,0,0,31
Random Forest,Mordred,0,1,16
Random Forest,Mordred,0,2,23
Random Forest,Mordred,1,0,11
Random Forest,Mordred,1,1,98
Random Forest,Mordred,1,2,16
Random Forest,Mordred,2,0,11
Random Forest,Mordred,2,1,35
Random Forest,Mordred,2,2,59
Random Forest,Morgan,0,0,14
Random Forest,Morgan,0,1,21
Random Forest,Morgan,0,2,35
Random Forest,Morgan,1,0,4
Random Forest,Morgan,1,1,94
Random Forest,Morgan,1,2,27
Random Forest,Morgan,2,0,11
Random Forest,Morgan,2,1,42
Random Forest,Morgan,2,2,52
Random Forest,RDKit,0,0,27
Random Forest,RDKit,0,1,19
Random Forest,RDKit,0,2,24
Random Forest,RDKit,1,0,10
Random Forest,RDKit,1,1,97
Random Forest,RDKit,1,2,18
Random Forest,RDKit,2,0,10
Random Forest,RDKit,2,1,31
Random Forest,RDKit,2,2,64
SVM,Avalon,0,0,27
SVM,Avalon,0,1,24
SVM,Avalon,0,2,19
SVM,Avalon,1,0,11
SVM,Avalon,1,1,92
SVM,Avalon,1,2,22
SVM,Avalon,2,0,18
SVM,Avalon,2,1,31
SVM,Avalon,2,2,56
SVM,MACCS,0,0,30
SVM,MACCS,0,1,17
SVM,MACCS,0,2,23
SVM,MACCS,1,0,12
SVM,MACCS,1,1,93
SVM,MACCS,1,2,20
SVM,MACCS,2,0,11
SVM,MACCS,2,1,24
SVM,MACCS,2,2,70
SVM,Mordred,0,0,24
SVM,Mordred,0,1,19
SVM,Mordred,0,2,27
SVM,Mordred,1,0,10
SVM,Mordred,1,1,93
SVM,Mordred,1,2,22
SVM,Mordred,2,0,15
SVM,Mordred,2,1,29
SVM,Mordred,2,2,61
SVM,Morgan,0,0,29
SVM,Morgan,0,1,15
SVM,Morgan,0,2,26
SVM,Morgan,1,0,8
SVM,Morgan,1,1,89
SVM,Morgan,1,2,28
SVM,Morgan,2,0,15
SVM,Morgan,2,1,35
SVM,Morgan,2,2,55
SVM,RDKit,0,0,29
SVM,RDKit,0,1,24
SVM,RDKit,0,2,17
SVM,RDKit,1,0,8
SVM,RDKit,1,1,97
SVM,RDKit,1,2,20
SVM,RDKit,2,0,18
SVM,RDKit,2,1,27
SVM,RDKit,2,2,60
kNN,Avalon,0,0,27
kNN,Avalon,0,1,22
kNN,Avalon,0,2,21
kNN,Avalon,1,0,26
kNN,Avalon,1,1,82
kNN,Avalon,1,2,17
kNN,Avalon,2,0,26
kNN,Avalon,2,1,27
kNN,Avalon,2,2,52
kNN,MACCS,0,0,14
kNN,MACCS,0,1,35
kNN,MACCS,0,2,21
kNN,MACCS,1,0,15
kNN,MACCS,1,1,86
kNN,MACCS,1,2,24
kNN,MACCS,2,0,14
kNN,MACCS,2,1,40
kNN,MACCS,2,2,51
kNN,Mordred,0,0,37
kNN,Mordred,0,1,9
kNN,Mordred,0,2,24
kNN,Mordred,1,0,23
kNN,Mordred,1,1,78
kNN,Mordred,1,2,24
kNN,Mordred,2,0,17
kNN,Mordred,2,1,21
kNN,Mordred,2,2,67
kNN,Morgan,0,0,11
kNN,Morgan,0,1,53
kNN,Morgan,0,2,6
kNN,Morgan,1,0,10
kNN,Morgan,1,1,111
kNN,Morgan,1,2,4
kNN,Morgan,2,0,11
kNN,Morgan,2,1,73
kNN,Morgan,2,2,21
kNN,RDKit,0,0,27
kNN,RDKit,0,1,22
kNN,RDKit,0,2,21
kNN,RDKit,1,0,24
kNN,RDKit,1,1,84
kNN,RDKit,1,2,17
kNN,RDKit,2,0,15
kNN,RDKit,2,1,24
kNN,RDKit,2,2,66
