Model,Descriptor,Representative_Best_Params,Fold1_Best_Params,Fold2_Best_Params,Fold3_Best_Params,Fold4_Best_Params,Fold5_Best_Params
Logistic Regression,Avalon,"{""C"": 0.1}","{""C"": 1}","{""C"": 0.01}","{""C"": 0.1}","{""C"": 10}","{""C"": 0.1}"
Logistic Regression,MACCS,"{""C"": 0.1}","{""C"": 0.1}","{""C"": 1}","{""C"": 0.1}","{""C"": 0.1}","{""C"": 10}"
Logistic Regression,Mordred,"{""C"": 0.01}","{""C"": 0.01}","{""C"": 0.01}","{""C"": 0.01}","{""C"": 0.01}","{""C"": 0.1}"
Logistic Regression,Morgan,"{""C"": 0.01}","{""C"": 0.01}","{""C"": 0.01}","{""C"": 0.01}","{""C"": 0.1}","{""C"": 0.1}"
Logistic Regression,RDKit,"{""C"": 0.1}","{""C"": 0.1}","{""C"": 0.01}","{""C"": 0.1}","{""C"": 0.1}","{""C"": 0.1}"
MLP,Avalon,"{""alpha"": 0.001, ""hidden_layer_sizes"": [100, 50]}","{""alpha"": 0.0001, ""hidden_layer_sizes"": [100]}","{""alpha"": 0.001, ""hidden_layer_sizes"": [100, 50]}","{""alpha"": 0.001, ""hidden_layer_sizes"": [50]}","{""alpha"": 0.001, ""hidden_layer_sizes"": [100, 50]}","{""alpha"": 0.0001, ""hidden_layer_sizes"": [50]}"
MLP,MACCS,"{""alpha"": 0.0001, ""hidden_layer_sizes"": [50]}","{""alpha"": 0.001, ""hidden_layer_sizes"": [100, 50]}","{""alpha"": 0.0001, ""hidden_layer_sizes"": [100]}","{""alpha"": 0.0001, ""hidden_layer_sizes"": [50]}","{""alpha"": 0.001, ""hidden_layer_sizes"": [100, 50]}","{""alpha"": 0.0001, ""hidden_layer_sizes"": [50]}"
MLP,Mordred,"{""alpha"": 0.0001, ""hidden_layer_sizes"": [100, 50]}","{""alpha"": 0.0001, ""hidden_layer_sizes"": [50]}","{""alpha"": 0.001, ""hidden_layer_sizes"": [100]}","{""alpha"": 0.0001, ""hidden_layer_sizes"": [100, 50]}","{""alpha"": 0.0001, ""hidden_layer_sizes"": [100, 50]}","{""alpha"": 0.0001, ""hidden_layer_sizes"": [100, 50]}"
MLP,Morgan,"{""alpha"": 0.0001, ""hidden_layer_sizes"": [50]}","{""alpha"": 0.0001, ""hidden_layer_sizes"": [100]}","{""alpha"": 0.0001, ""hidden_layer_sizes"": [50]}","{""alpha"": 0.0001, ""hidden_layer_sizes"": [100, 50]}","{""alpha"": 0.0001, ""hidden_layer_sizes"": [50]}","{""alpha"": 0.001, ""hidden_layer_sizes"": [100]}"
MLP,RDKit,"{""alpha"": 0.0001, ""hidden_layer_sizes"": [100, 50]}","{""alpha"": 0.001, ""hidden_layer_sizes"": [50]}","{""alpha"": 0.001, ""hidden_layer_sizes"": [100, 50]}","{""alpha"": 0.0001, ""hidden_layer_sizes"": [100, 50]}","{""alpha"": 0.0001, ""hidden_layer_sizes"": [100, 50]}","{""alpha"": 0.0001, ""hidden_layer_sizes"": [50]}"
Random Forest,Avalon,"{""max_depth"": 10, ""n_estimators"": 100}","{""max_depth"": 10, ""n_estimators"": 100}","{""max_depth"": 10, ""n_estimators"": 100}","{""max_depth"": 10, ""n_estimators"": 100}","{""max_depth"": null, ""n_estimators"": 200}","{""max_depth"": 10, ""n_estimators"": 200}"
Random Forest,MACCS,"{""max_depth"": 10, ""n_estimators"": 200}","{""max_depth"": 10, ""n_estimators"": 200}","{""max_depth"": null, ""n_estimators"": 100}","{""max_depth"": 10, ""n_estimators"": 100}","{""max_depth"": 10, ""n_estimators"": 200}","{""max_depth"": 10, ""n_estimators"": 200}"
Random Forest,Mordred,"{""max_depth"": null, ""n_estimators"": 200}","{""max_depth"": null, ""n_estimators"": 200}","{""max_depth"": null, ""n_estimators"": 200}","{""max_depth"": 10, ""n_estimators"": 200}","{""max_depth"": 10, ""n_estimators"": 200}","{""max_depth"": null, ""n_estimators"": 200}"
Random Forest,Morgan,"{""max_depth"": null, ""n_estimators"": 100}","{""max_depth"": null, ""n_estimators"": 100}","{""max_depth"": null, ""n_estimators"": 100}","{""max_depth"": null, ""n_estimators"": 100}","{""max_depth"": 20, ""n_estimators"": 200}","{""max_depth"": 20, ""n_estimators"": 100}"
Random Forest,RDKit,"{""max_depth"": null, ""n_estimators"": 200}","{""max_depth"": null, ""n_estimators"": 200}","{""max_depth"": null, ""n_estimators"": 200}","{""max_depth"": 10, ""n_estimators"": 200}","{""max_depth"": null, ""n_estimators"": 200}","{""max_depth"": null, ""n_estimators"": 200}"
SVM,Avalon,"{""C"": 10, ""gamma"": ""scale""}","{""C"": 10, ""gamma"": ""scale""}","{""C"": 10, ""gamma"": ""scale""}","{""C"": 10, ""gamma"": ""scale""}","{""C"": 10, ""gamma"": ""scale""}","{""C"": 10, ""gamma"": ""scale""}"
SVM,MACCS,"{""C"": 10, ""gamma"": ""auto""}","{""C"": 1, ""gamma"": ""auto""}","{""C"": 10, ""gamma"": ""scale""}","{""C"": 10, ""gamma"": ""auto""}","{""C"": 10, ""gamma"": ""scale""}","{""C"": 10, ""gamma"": ""auto""}"
SVM,Mordred,"{""C"": 1, ""gamma"": ""auto""}","{""C"": 10, ""gamma"": ""scale""}","{""C"": 1, ""gamma"": ""auto""}","{""C"": 10, ""gamma"": ""auto""}","{""C"": 1, ""gamma"": ""auto""}","{""C"": 10, ""gamma"": ""scale""}"
SVM,Morgan,"{""C"": 10, ""gamma"": ""scale""}","{""C"": 10, ""gamma"": ""scale""}","{""C"": 10, ""gamma"": ""scale""}","{""C"": 10, ""gamma"": ""scale""}","{""C"": 10, ""gamma"": ""scale""}","{""C"": 10, ""gamma"": ""scale""}"
SVM,RDKit,"{""C"": 1, ""gamma"": ""scale""}","{""C"": 1, ""gamma"": ""auto""}","{""C"": 1, ""gamma"": ""scale""}","{""C"": 10, ""gamma"": ""scale""}","{""C"": 1, ""gamma"": ""scale""}","{""C"": 10, ""gamma"": ""scale""}"
kNN,Avalon,"{""n_neighbors"": 3}","{""n_neighbors"": 3}","{""n_neighbors"": 3}","{""n_neighbors"": 5}","{""n_neighbors"": 3}","{""n_neighbors"": 3}"
kNN,MACCS,"{""n_neighbors"": 3}","{""n_neighbors"": 7}","{""n_neighbors"": 3}","{""n_neighbors"": 3}","{""n_neighbors"": 5}","{""n_neighbors"": 5}"
kNN,Mordred,"{""n_neighbors"": 3}","{""n_neighbors"": 3}","{""n_neighbors"": 3}","{""n_neighbors"": 3}","{""n_neighbors"": 3}","{""n_neighbors"": 3}"
kNN,Morgan,"{""n_neighbors"": 3}","{""n_neighbors"": 3}","{""n_neighbors"": 5}","{""n_neighbors"": 3}","{""n_neighbors"": 3}","{""n_neighbors"": 3}"
kNN,RDKit,"{""n_neighbors"": 3}","{""n_neighbors"": 3}","{""n_neighbors"": 7}","{""n_neighbors"": 3}","{""n_neighbors"": 3}","{""n_neighbors"": 3}"
