Model,Descriptor,Fold,Test_Accuracy,Test_Precision,Test_Recall,Test_F1,Best_Params
Logistic Regression,RDKit,1,0.6166666666666667,0.6056116722783389,0.6166666666666667,0.6091949910554563,"{""C"": 0.1}"
Logistic Regression,RDKit,2,0.7166666666666667,0.7083333333333334,0.7166666666666667,0.7074592074592074,"{""C"": 0.01}"
Logistic Regression,RDKit,3,0.5833333333333334,0.5866666666666666,0.5833333333333334,0.5847525216983345,"{""C"": 0.1}"
Logistic Regression,RDKit,4,0.6,0.6316263440860215,0.6,0.5832059314954051,"{""C"": 0.1}"
Logistic Regression,RDKit,5,0.6,0.597962962962963,0.6,0.5783242258652095,"{""C"": 0.1}"
SVM,RDKit,1,0.6333333333333333,0.628357843137255,0.6333333333333333,0.616590319132692,"{""C"": 1, ""gamma"": ""auto""}"
SVM,RDKit,2,0.6833333333333333,0.6934375,0.6833333333333333,0.6733146613762788,"{""C"": 1, ""gamma"": ""scale""}"
SVM,RDKit,3,0.6333333333333333,0.6566434468524253,0.6333333333333333,0.6373525578364287,"{""C"": 10, ""gamma"": ""scale""}"
SVM,RDKit,4,0.55,0.5104166666666666,0.55,0.5201754385964912,"{""C"": 1, ""gamma"": ""scale""}"
SVM,RDKit,5,0.6,0.6036936517783291,0.6,0.5945499070499071,"{""C"": 10, ""gamma"": ""scale""}"
Random Forest,RDKit,1,0.5833333333333334,0.5676013003599211,0.5833333333333334,0.5697181340423673,"{""max_depth"": null, ""n_estimators"": 200}"
Random Forest,RDKit,2,0.6666666666666666,0.6846446078431373,0.6666666666666666,0.6602738331551891,"{""max_depth"": null, ""n_estimators"": 200}"
Random Forest,RDKit,3,0.6333333333333333,0.641064491064491,0.6333333333333333,0.6327332242225859,"{""max_depth"": 10, ""n_estimators"": 200}"
Random Forest,RDKit,4,0.6,0.5629629629629629,0.6,0.5769433465085639,"{""max_depth"": null, ""n_estimators"": 200}"
Random Forest,RDKit,5,0.65,0.6734375,0.65,0.6403508771929824,"{""max_depth"": null, ""n_estimators"": 200}"
kNN,RDKit,1,0.5666666666666667,0.5622840022296545,0.5666666666666667,0.5628858024691359,"{""n_neighbors"": 3}"
kNN,RDKit,2,0.6666666666666666,0.6765277777777777,0.6666666666666666,0.6618421052631579,"{""n_neighbors"": 7}"
kNN,RDKit,3,0.5666666666666667,0.554491341991342,0.5666666666666667,0.5586289308176101,"{""n_neighbors"": 3}"
kNN,RDKit,4,0.5833333333333334,0.6019535553860498,0.5833333333333334,0.59,"{""n_neighbors"": 3}"
kNN,RDKit,5,0.5666666666666667,0.5693813131313131,0.5666666666666667,0.567797816801139,"{""n_neighbors"": 3}"
MLP,RDKit,1,0.6166666666666667,0.6119753086419754,0.6166666666666667,0.6126436781609196,"{""alpha"": 0.001, ""hidden_layer_sizes"": [50]}"
MLP,RDKit,2,0.7166666666666667,0.7101851851851853,0.7166666666666667,0.7121794871794872,"{""alpha"": 0.001, ""hidden_layer_sizes"": [100, 50]}"
MLP,RDKit,3,0.5833333333333334,0.6016737891737891,0.5833333333333334,0.5856481481481481,"{""alpha"": 0.0001, ""hidden_layer_sizes"": [100, 50]}"
MLP,RDKit,4,0.5166666666666667,0.5167432950191571,0.5166666666666667,0.5079565217391305,"{""alpha"": 0.0001, ""hidden_layer_sizes"": [100, 50]}"
MLP,RDKit,5,0.6166666666666667,0.6151515151515151,0.6166666666666667,0.6038608900677868,"{""alpha"": 0.0001, ""hidden_layer_sizes"": [50]}"
Logistic Regression,Mordred,1,0.5,0.48702043570464626,0.5,0.4921546703936642,"{""C"": 0.01}"
Logistic Regression,Mordred,2,0.65,0.6459876543209877,0.65,0.6467948717948718,"{""C"": 0.01}"
Logistic Regression,Mordred,3,0.65,0.6645743145743146,0.65,0.6485424430641821,"{""C"": 0.01}"
Logistic Regression,Mordred,4,0.5333333333333333,0.5174358974358975,0.5333333333333333,0.5227777777777777,"{""C"": 0.01}"
Logistic Regression,Mordred,5,0.65,0.6581154499151104,0.65,0.6456746031746031,"{""C"": 0.1}"
SVM,Mordred,1,0.5666666666666667,0.5743679050567595,0.5666666666666667,0.5689987930656134,"{""C"": 10, ""gamma"": ""scale""}"
SVM,Mordred,2,0.65,0.6694444444444445,0.65,0.6370198780391225,"{""C"": 1, ""gamma"": ""auto""}"
SVM,Mordred,3,0.65,0.6511363636363635,0.65,0.6414978047956771,"{""C"": 10, ""gamma"": ""auto""}"
SVM,Mordred,4,0.5,0.4532804232804233,0.5,0.46571706388613043,"{""C"": 1, ""gamma"": ""auto""}"
SVM,Mordred,5,0.6,0.5854838709677419,0.6,0.5824675324675325,"{""C"": 10, ""gamma"": ""scale""}"
Random Forest,Mordred,1,0.5333333333333333,0.5144919786096257,0.5333333333333333,0.5119303201506591,"{""max_depth"": null, ""n_estimators"": 200}"
Random Forest,Mordred,2,0.7,0.7099747474747474,0.7,0.6924523143833489,"{""max_depth"": null, ""n_estimators"": 200}"
Random Forest,Mordred,3,0.7166666666666667,0.7159722222222221,0.7166666666666667,0.71415663701378,"{""max_depth"": 10, ""n_estimators"": 200}"
Random Forest,Mordred,4,0.5333333333333333,0.5234567901234567,0.5333333333333333,0.5275641025641026,"{""max_depth"": 10, ""n_estimators"": 200}"
Random Forest,Mordred,5,0.65,0.67316715542522,0.65,0.6411821705426356,"{""max_depth"": null, ""n_estimators"": 200}"
kNN,Mordred,1,0.5,0.5795783926218708,0.5,0.5186868686868686,"{""n_neighbors"": 3}"
kNN,Mordred,2,0.6833333333333333,0.6946163682864449,0.6833333333333333,0.6870082612116444,"{""n_neighbors"": 3}"
kNN,Mordred,3,0.6,0.6102564102564102,0.6,0.5993301812450749,"{""n_neighbors"": 3}"
kNN,Mordred,4,0.6166666666666667,0.6281080031080031,0.6166666666666667,0.6180578286961267,"{""n_neighbors"": 3}"
kNN,Mordred,5,0.6333333333333333,0.6288492063492064,0.6333333333333333,0.6292612127862932,"{""n_neighbors"": 3}"
MLP,Mordred,1,0.5833333333333334,0.5749492900608519,0.5833333333333334,0.5756660168940871,"{""alpha"": 0.0001, ""hidden_layer_sizes"": [50]}"
MLP,Mordred,2,0.6333333333333333,0.629320987654321,0.6333333333333333,0.6301282051282051,"{""alpha"": 0.001, ""hidden_layer_sizes"": [100]}"
MLP,Mordred,3,0.6666666666666666,0.6716107226107225,0.6666666666666666,0.6658843549068649,"{""alpha"": 0.0001, ""hidden_layer_sizes"": [100, 50]}"
MLP,Mordred,4,0.6,0.5784055727554179,0.6,0.573276836158192,"{""alpha"": 0.0001, ""hidden_layer_sizes"": [100, 50]}"
MLP,Mordred,5,0.65,0.6474164724164724,0.65,0.6477264489576391,"{""alpha"": 0.0001, ""hidden_layer_sizes"": [100, 50]}"
Logistic Regression,Morgan,1,0.5166666666666667,0.5209188660801565,0.5166666666666667,0.5046557770394979,"{""C"": 0.01}"
Logistic Regression,Morgan,2,0.5666666666666667,0.5612337294850029,0.5666666666666667,0.5575793650793651,"{""C"": 0.01}"
Logistic Regression,Morgan,3,0.65,0.6824021464646465,0.65,0.6370105713903386,"{""C"": 0.01}"
Logistic Regression,Morgan,4,0.5166666666666667,0.5005401234567901,0.5166666666666667,0.5044165737643999,"{""C"": 0.1}"
Logistic Regression,Morgan,5,0.5666666666666667,0.567188009123493,0.5666666666666667,0.5607802197802199,"{""C"": 0.1}"
SVM,Morgan,1,0.5833333333333334,0.590179012345679,0.5833333333333334,0.5763225904530251,"{""C"": 10, ""gamma"": ""scale""}"
SVM,Morgan,2,0.5166666666666667,0.5083333333333333,0.5166666666666667,0.5033053743398571,"{""C"": 10, ""gamma"": ""scale""}"
SVM,Morgan,3,0.6166666666666667,0.6301269841269842,0.6166666666666667,0.6195652173913044,"{""C"": 10, ""gamma"": ""scale""}"
SVM,Morgan,4,0.5666666666666667,0.5563218390804597,0.5666666666666667,0.5570987654320987,"{""C"": 10, ""gamma"": ""scale""}"
SVM,Morgan,5,0.6,0.613560896319517,0.6,0.5980295597248748,"{""C"": 10, ""gamma"": ""scale""}"
Random Forest,Morgan,1,0.4666666666666667,0.4546464646464647,0.4666666666666667,0.4475049060835436,"{""max_depth"": null, ""n_estimators"": 100}"
Random Forest,Morgan,2,0.5333333333333333,0.5148989898989899,0.5333333333333333,0.5103868797308663,"{""max_depth"": null, ""n_estimators"": 100}"
Random Forest,Morgan,3,0.55,0.5333333333333333,0.55,0.5325396825396825,"{""max_depth"": null, ""n_estimators"": 100}"
Random Forest,Morgan,4,0.55,0.6427083333333333,0.55,0.5151082493467711,"{""max_depth"": 20, ""n_estimators"": 200}"
Random Forest,Morgan,5,0.5666666666666667,0.5704084967320262,0.5666666666666667,0.5436020394102246,"{""max_depth"": 20, ""n_estimators"": 100}"
kNN,Morgan,1,0.4166666666666667,0.4016025641025641,0.4166666666666667,0.3309764309764309,"{""n_neighbors"": 3}"
kNN,Morgan,2,0.5166666666666667,0.6833333333333333,0.5166666666666667,0.44305555555555554,"{""n_neighbors"": 5}"
kNN,Morgan,3,0.5,0.5354166666666667,0.5,0.41652298850574715,"{""n_neighbors"": 3}"
kNN,Morgan,4,0.5,0.5474474474474474,0.5,0.4821505376344086,"{""n_neighbors"": 3}"
kNN,Morgan,5,0.45,0.43097222222222226,0.45,0.371654373024236,"{""n_neighbors"": 3}"
MLP,Morgan,1,0.4666666666666667,0.4515338393421885,0.4666666666666667,0.4541907653749758,"{""alpha"": 0.0001, ""hidden_layer_sizes"": [100]}"
MLP,Morgan,2,0.55,0.5465027915632755,0.55,0.5418311168311168,"{""alpha"": 0.0001, ""hidden_layer_sizes"": [50]}"
MLP,Morgan,3,0.55,0.5612859362859363,0.55,0.551936715766503,"{""alpha"": 0.0001, ""hidden_layer_sizes"": [100, 50]}"
MLP,Morgan,4,0.48333333333333334,0.48205827505827503,0.48333333333333334,0.4801743927090828,"{""alpha"": 0.0001, ""hidden_layer_sizes"": [50]}"
MLP,Morgan,5,0.5,0.5116666666666666,0.5,0.46620557804768326,"{""alpha"": 0.001, ""hidden_layer_sizes"": [100]}"
Logistic Regression,Avalon,1,0.5166666666666667,0.5110482654600301,0.5166666666666667,0.4988989820661472,"{""C"": 1}"
Logistic Regression,Avalon,2,0.5833333333333334,0.5765993265993267,0.5833333333333334,0.5682927766885787,"{""C"": 0.01}"
Logistic Regression,Avalon,3,0.6166666666666667,0.640016339869281,0.6166666666666667,0.6134373289545703,"{""C"": 0.1}"
Logistic Regression,Avalon,4,0.5,0.5,0.5,0.5,"{""C"": 10}"
Logistic Regression,Avalon,5,0.6166666666666667,0.6284188034188034,0.6166666666666667,0.6026018099547511,"{""C"": 0.1}"
SVM,Avalon,1,0.5166666666666667,0.509375,0.5166666666666667,0.5031578947368421,"{""C"": 10, ""gamma"": ""scale""}"
SVM,Avalon,2,0.6,0.6143962848297214,0.6,0.5860969868173257,"{""C"": 10, ""gamma"": ""scale""}"
SVM,Avalon,3,0.6,0.6196296296296296,0.6,0.5943947525342874,"{""C"": 10, ""gamma"": ""scale""}"
SVM,Avalon,4,0.6,0.5965617715617716,0.6,0.5980476600631639,"{""C"": 10, ""gamma"": ""scale""}"
SVM,Avalon,5,0.6,0.614561403508772,0.6,0.5773689273689274,"{""C"": 10, ""gamma"": ""scale""}"
Random Forest,Avalon,1,0.5,0.48393939393939384,0.5,0.4829796640141468,"{""max_depth"": 10, ""n_estimators"": 100}"
Random Forest,Avalon,2,0.6166666666666667,0.6266081871345028,0.6166666666666667,0.5950000000000001,"{""max_depth"": 10, ""n_estimators"": 100}"
Random Forest,Avalon,3,0.6,0.6007575757575758,0.6,0.5917510976021615,"{""max_depth"": 10, ""n_estimators"": 100}"
Random Forest,Avalon,4,0.5833333333333334,0.5595238095238095,0.5833333333333334,0.5644330093386697,"{""max_depth"": null, ""n_estimators"": 200}"
Random Forest,Avalon,5,0.6,0.5939024390243902,0.6,0.5493265993265993,"{""max_depth"": 10, ""n_estimators"": 200}"
kNN,Avalon,1,0.45,0.479040404040404,0.45,0.46044414492474567,"{""n_neighbors"": 3}"
kNN,Avalon,2,0.6333333333333333,0.6321637426900585,0.6333333333333333,0.6317948717948718,"{""n_neighbors"": 3}"
kNN,Avalon,3,0.5333333333333333,0.5288461538461539,0.5333333333333333,0.5309005083514887,"{""n_neighbors"": 5}"
kNN,Avalon,4,0.55,0.5989583333333334,0.55,0.5648062956573594,"{""n_neighbors"": 3}"
kNN,Avalon,5,0.5166666666666667,0.4900980392156863,0.5166666666666667,0.49217056039089935,"{""n_neighbors"": 3}"
MLP,Avalon,1,0.5166666666666667,0.5087185962185962,0.5166666666666667,0.4950922532947606,"{""alpha"": 0.0001, ""hidden_layer_sizes"": [100]}"
MLP,Avalon,2,0.6166666666666667,0.6290374331550802,0.6166666666666667,0.6083747645951035,"{""alpha"": 0.001, ""hidden_layer_sizes"": [100, 50]}"
MLP,Avalon,3,0.5666666666666667,0.608930417700579,0.5666666666666667,0.5660320107474579,"{""alpha"": 0.001, ""hidden_layer_sizes"": [50]}"
MLP,Avalon,4,0.5166666666666667,0.5134615384615384,0.5166666666666667,0.514872236577663,"{""alpha"": 0.001, ""hidden_layer_sizes"": [100, 50]}"
MLP,Avalon,5,0.55,0.548444976076555,0.55,0.5210277777777778,"{""alpha"": 0.0001, ""hidden_layer_sizes"": [50]}"
Logistic Regression,MACCS,1,0.5166666666666667,0.49793820558526447,0.5166666666666667,0.4981347045775358,"{""C"": 0.1}"
Logistic Regression,MACCS,2,0.5166666666666667,0.5168589743589743,0.5166666666666667,0.516563047983421,"{""C"": 1}"
Logistic Regression,MACCS,3,0.6666666666666666,0.6671860747947704,0.6666666666666666,0.6616359338061465,"{""C"": 0.1}"
Logistic Regression,MACCS,4,0.6333333333333333,0.6296551724137931,0.6333333333333333,0.6265432098765432,"{""C"": 0.1}"
Logistic Regression,MACCS,5,0.6666666666666666,0.6653291883555041,0.6666666666666666,0.6642976939203354,"{""C"": 10}"
SVM,MACCS,1,0.6166666666666667,0.6193019943019942,0.6166666666666667,0.6035130718954248,"{""C"": 1, ""gamma"": ""auto""}"
SVM,MACCS,2,0.65,0.6505847953216375,0.65,0.6492948717948718,"{""C"": 10, ""gamma"": ""scale""}"
SVM,MACCS,3,0.65,0.6626327312534209,0.65,0.6445217391304348,"{""C"": 10, ""gamma"": ""auto""}"
SVM,MACCS,4,0.6,0.5966020821283979,0.6,0.5967225716282321,"{""C"": 10, ""gamma"": ""scale""}"
SVM,MACCS,5,0.7,0.6999086257309941,0.7,0.6883765573353673,"{""C"": 10, ""gamma"": ""auto""}"
Random Forest,MACCS,1,0.65,0.6437301587301588,0.65,0.6449844832265448,"{""max_depth"": 10, ""n_estimators"": 200}"
Random Forest,MACCS,2,0.6666666666666666,0.6687987012987013,0.6666666666666666,0.6627602262200771,"{""max_depth"": null, ""n_estimators"": 100}"
Random Forest,MACCS,3,0.6,0.5960000000000001,0.6,0.5935990338164252,"{""max_depth"": 10, ""n_estimators"": 100}"
Random Forest,MACCS,4,0.5666666666666667,0.5288611925708699,0.5666666666666667,0.5388104466592839,"{""max_depth"": 10, ""n_estimators"": 200}"
Random Forest,MACCS,5,0.65,0.6506896551724138,0.65,0.6447530864197532,"{""max_depth"": 10, ""n_estimators"": 200}"
kNN,MACCS,1,0.4166666666666667,0.38452119883040936,0.4166666666666667,0.3793564993564994,"{""n_neighbors"": 7}"
kNN,MACCS,2,0.6,0.5950059737156511,0.6,0.5890654193809018,"{""n_neighbors"": 3}"
kNN,MACCS,3,0.43333333333333335,0.4128787878787879,0.43333333333333335,0.42212578616352203,"{""n_neighbors"": 3}"
kNN,MACCS,4,0.5166666666666667,0.5001132009752699,0.5166666666666667,0.503978953675617,"{""n_neighbors"": 5}"
kNN,MACCS,5,0.55,0.5314775910364146,0.55,0.5256246677299308,"{""n_neighbors"": 5}"
MLP,MACCS,1,0.5666666666666667,0.580324074074074,0.5666666666666667,0.5706861590790162,"{""alpha"": 0.001, ""hidden_layer_sizes"": [100, 50]}"
MLP,MACCS,2,0.5833333333333334,0.5940373563218392,0.5833333333333334,0.581111111111111,"{""alpha"": 0.0001, ""hidden_layer_sizes"": [100]}"
MLP,MACCS,3,0.6166666666666667,0.6131944444444444,0.6166666666666667,0.6131344845630561,"{""alpha"": 0.0001, ""hidden_layer_sizes"": [50]}"
MLP,MACCS,4,0.55,0.5590546218487394,0.55,0.5476719415702982,"{""alpha"": 0.001, ""hidden_layer_sizes"": [100, 50]}"
MLP,MACCS,5,0.7,0.6987292277614858,0.7,0.6920989010989012,"{""alpha"": 0.0001, ""hidden_layer_sizes"": [50]}"
