ID,SMILES,ExperimentResult
1,O=C1C[C@@H](C)[C@]2(C)CC(CCC2=C1)=C(C)C,1
2,CC1=CC(C[C@@H](C)[C@]1(C2)CCC2=C(C)C)=O,1
3,C[C@@H]1CCC=C(CC/2)[C@@]1(C)CC2=C(C)\CO,2
4,O=C(CCCCCCCCCCC1)OCCOC1=O,1
5,CC1(C)CCC[C@@]2(C)[C@H]1CC[C@]3(C)[C@@H]2CCO3,1
6,C[C@@]1(CC2)[C@]3(O)C(C)(C)[C@H]2C[C@H]1[C@@H](C)CC3,2
7,C=C1CC/C=C(C)/CC[C@@H]2[C@@H]1CC2(C)C,1
8,CC1=CC(C(C)(C)[C@H](C)CC2(C)C)=C2C=C1C(C)=O,1
9,Br[C@@H](CO)[C@](CC[C@H](Br)C(Br)(C)C)(Br)C,1
10,C[C@@](CC[C@H](Br)C(Br)(C)C)(Br)[C@H](Br)CO,1
11,CCC[C@H](SC(C1=CC(Br)=CC=C1)=O)CCOC(C2=CC(Br)=CC=C2)=O,1
12,CC(C)[C@H]1[C@H]2[C@](CC1)(C)[C@H]3[C@@H]2C(CBr)=CC3,1
13,C[C@@]1(O)[C@@H](Br)C[C@H](C(C)=C)CC1,1
14,CCCCNc1ccc(cc1)C(=O)OCCN(C)C,2
15,CCCCCC=CCC=CCC=CCC=CCCCC(=O)OCC,2
16,CC1(C)[C@@H]2[C@H]1CC=C(C)C2,1
17,CN1[C@H]2CC[C@@H]1C[C@H](OC(C(CO)C3=CC=CC=C3)=O)C2,2
18,O=C(N[C@H](C(N[C@@H](C1=CC=CC=C1)C(OC(C)(C)C)=O)=O)C)CC2=CC(F)=CC(F)=C2,2
19,CC1=C(NC(CN(CC)CC)=O)C(C)=CC=C1,2
20,O[C@H](/C=C\C#CC#CC1=CN(CC2=CC=CC=C2)N=N1)[C@H](O3)[C@@H]3[C@H](O)[C@H]4OC(CC4)=O,2
21,O[C@H](/C=C/C#CC#CC1=CN(CC2=CC=CC=C2)N=N1)[C@H](O3)[C@@H]3[C@H](O)[C@H]4OC(CC4)=O,2
22,IC1=C(C(C)(C)OSC(F)(F)F)C=CC=C1,1
24,C[C@H]1C[C@@H](OC(C)=O)[C@H](C(C)C)CC1,2
25,CC1=C(C)[C@]([C@]2=C(O)C=CC(C)=C2C)=C(O)C=C1,1
27,CC(C)C1=CC=C2C(C=CC=C2)=[C@@]1[C@@]3=CSC(C)=C3C,1
29,C12=CC=CC=C1N3C(C4=NC5=C(C=CC=C5)N4CC/C=C/CC3)=N2,1
31,O=C1N(C)C(C(N(C)C=N2)=C2N1C)=O,1
32,NC1=C2C(C=CC=N2)=CC=C1,1
35,CNCCC(OC1=CC=C(C(F)(F)F)C=C1)C2=CC=CC=C2,2
36,COC1=CC=C2C(NC(S(CC3=C(C)C(OC)=C(C)C=N3)=O)=N2)=C1,2
37,NC1=CC=C(S(C2=CC=C(N)C=C2)(=O)=O)C=C1,2
39,ClC1=C(N)C=C(OC)C(C(NCCN(CC)CC)=O)=C1,2
40,ClC1=CC=C2C(N(CCCN(C)C)C(C=CC=C3)=C3S2)=C1,2
41,O=C1C(C2CCC(NC2=O)=O)C(C3=CC=CC=C31)=O,2
42,CC1=C(C(OC)=O)C(C(C(OC)=O)=C(C)N1)C2=C([N+]([O-])=O)C=CC=C2,2
43,ClC1=C([C@@H](C(OC)=O)N2CCC(SC=C3)=C3C2)C=CC=C1,2
44,O=C(C(C)=C1)NC(N1[C@@H]2O[C@H](CO)[C@@H](N=[N+]=[N-])C2)=O,2
45,OCC(C(OC1CC(N2C)CCC2C1)=O)C3=CC=CC=C3,2
46,CN(C)CCCN1C(C=CC=C2)=C2CCC3=C1C=CC=C3,2
47,ClC1=CC=C(NC(O[C@]2(C#CC3CC3)C(F)(F)F)=O)C2=C1,2
48,CN(CCC1)[C@@H]1C2=CC=CN=C2,0
49,CC1=C2C(C=C1)=C(C)C=CC(C(C)C)=C2,1
50,O=C1[C@@H](C)[C@]([C@]2([H])O1)([H])CC[C@@](C2=C3C)(C)C=CC3=O,1
51,O=C(C=C(C1=CC(OC)=C(OC)C=C1)O2)C3=C2C(OC)=C(OC)C(OC)=C3OC,1
52,O=C(C=C(C1=CC=C(OC)C=C1)O2)C3=C2C(OC)=C(OC)C(OC)=C3OC,1
53,O=C(C(OC)=C(C1=CC(OC)=C(OC)C=C1)O2)C3=C2C(OC)=C(OC)C(OC)=C3OC,1
54,NC1=C(C(C)C)C=CC=C1C(C)C,1
55,O=CC1=CC=C([N+]([O-])=O)C=C1,1
56,O=C/C=C/C1=CC=CC=C1,1
57,O=C([C@@]1(C2C34)[C@@H]3[C@H]5C4(C(OC)=O)C2[C@H]51)OC,1
58,BrC1=CC2=CC=CC=C2C3=C1C=CC=C3,1
60,COC1=CC=C(/C=C/C)C=C1,2
62,CC(C(C)(C)O1)(C)OB1C(B2OC(C)(C)C(C)(C)O2)CCC3=CC=CC=C3,1
63,CC(C(C)(C)O1)(C)OB1[C@@H](CCCCC)[C@H](B2OC(C)(C)C(C)(C)O2)C,1
64,CC(C(C)(C)O1)(C)OB1[C@@H](CCCCC)[C@@H](B2OC(C)(C)C(C)(C)O2)C,1
65,O=C(C(C#N)=C1)C=C(C1(C#C)C2)C3=C2C=CC=C3,1
67,O[C@H]1CCC2=C(OC)C=CC=C2[C@H]1C(OC)=O,1
68,O=C1CC[C@@]2(C)C(CCC([C@@](CC[C@@H]3O)([H])[C@]3(C)C4)[C@]2([H])C4=O)=C1,1
69,CC1CCCC2(C1CC(CC2)C(C)C)C,1
71,C1OOC(O1)c2ccccc2,1
72,O1O[C@@H](O[C@@H]1c2ccccc2)c3ccccc3,1
73,O1O[C@H](O[C@@H]1c2ccccc2)c3ccccc3,1
74,C1C[C@H]2OOC(C1)O2,1
75,c1ccccc1,1
76,Fc1ccc(C=O)cc1,1
77,Clc1cccc(Cl)c1,1
78,N#Cc1ccccc1,1
79,O=CC1=CC=CC=C1,1
80,Fc1ccccc1,1
81,Fc1ccc(F)cc1,1
82,CN1C[C@@](C)(c2ccccc2)[C@@]3(C)[C@@H]1N(C)c4ccccc34,1
83,C[C@@]12OC(=O)C(=C)[C@]1(C)CC(=O)C=C2,1
84,C[C@]12OC(=O)C(=C)[C@H]1CC(=O)C=C2,1
85,Cn1c2c(CC[C@@]2(C)C=C)c3ccccc13,1
86,CCOC(=O)\C=C\1/C[C@@](N1S(=O)(=O)c2ccc(C)cc2)(C(=O)OCC)c3ccccc3C,1
87,CC1(C)C(Br)C[C@H]2O[C@@]2(C)[C@]13CC(Br)C(C)(Cl)CC3O,1
88,Cc1cc(O)c(cc1Br)[C@]2(C)CC[C@@H]3C[C@]23C,1
89,C[C@]1(Cl)CC2O[C@@]3(Br)[C@H](O)[C@H]4O[C@@]4(C)[C@]2(C[C@@H]1Br)C3(C)C,1
90,C[C@]1(Cl)CC2O[C@@]3(C)C=C[C@@](C)(O)[C@]2(C[C@@H]1Br)C3(C)C,1
91,CC1=C[C@H](O)C(Br)C(C)(C)[C@]12CCC(C)(Cl)C(Br)C2,1
92,CC1(Cl)CC[C@@]2(CC1Br)C(C)(C)C(=C[C@H]3O[C@@]23C)Br,1
93,C/C1=C\CC(C)(C)/C=C/C/C(C)=C/CC1,1
94,C/C1=C\CC(C)(C)/C=C/CC2(C)C(O2)CC1,1
95,CC12C(O2)CC(C)(C)/C=C/C/C(C)=C/CC1,1
96,C/C1=C\CC(C)(C)C(O2)C2C/C(C)=C/CC1,1
97,CC12C(O2)CC(C)(C)/C=C/CC(C)(O3)C3CC1,1
98,CC12C(O2)CC(C)(C)C(O3)C3CC(C)(O4)C4CC1,1
99,CC1(C)C/C=C(C)/CC/C=C(C=O)/C/C=C/1,1
100,CC1(C)/C=C/C/C(C=O)=C\CC/C(C=O)=C\C1,1
101,CC[C@@H](O1)[C@@H](Br)C[C@]1([H])[C@@]2([H])O[C@@H](C/C=C\C#C)[C@H](Br)C2,1
102,CC[C@@H](O1)[C@@H](Br)C[C@]1([H])[C@@]2([H])O[C@@H](C/C=C\C3=CN(CC(NC4=CC=CC=C4)=O)N=N3)[C@H](Br)C2,1
103,BrC1=C[C@]([H])(OC)[C@](O2)(C)[C@]3(C[C@]2([H])[C@](Cl)(C)CC3)C1(C)C,1
104,BrC1=C[C@@]([H])(OC)[C@](O2)(C)[C@]3(C[C@]2([H])[C@](Cl)(C)CC3)C1(C)C,1
105,O=C(C(O)=C1)C2=CC=CC3=CC=CC1=C32,1
106,O=C(C(C1=CC=CC=C1)=C2)C3=CC=CC4=CC=CC2=C43,1
107,C[C@@H](CC1)[C@@]2([H])[C@]1([H])[C@@]3(C)[C@]2([H])[C@@H](C(C)=C)CC3,1
108,O=C(C)C1=CC=CC=C1,1
110,N#CCC1=CC=CC=C1,1
111,C12=CC=CC=C1C=CC=C2,1
112,C12=CC=CC=C1C=C3C(C=CC=C3)=C2,1
113,C1(/C=C/C2=CC=CC=C2)=CC=CC=C1,2
114,OC1=C(OC)C=C(C=O)C=C1,2
115,[N-]=[N+]=NC1=CC=C(C(F)(F)F)C=C1,2
116,C[C@@](O1)(OO2)CC[C@]3([H])[C@]2([C@]1([H])O4)[C@](CC[C@H]3C)([H])[C@@H](C)C4=O,2
117,CN1C=NC([N+]([O-])=O)=C1C(F)(F)F,1
118,CN1C=NC(C(F)(F)F)=C1C(OC)=O,1
119,CN1C(C(F)(F)F)=C([N+]([O-])=O)C=C1C(OC)=O,1
120,CC1=CC[C@H](C(C)=C)CC1,1
121,CC1=CC[C@@H]2C(C)(C)[C@H]1C2,2
122,C[C@H]1C[C@@H](O)[C@H](C(C)C)CC1,2
123,C[C@H](CC[C@H]1C(C)C)CC1=O,1
124,C[C@H]1C[C@H](O)[C@H](C(C)C)CC1,1
125,C[C@H](CC[C@@H]1C(C)C)CC1=O,1
127,C[C@H]1CC2=C(C(C)=CO2)CC1,1
128,C[C@@]12CC[C@H](C(C)(C)O2)CC1,1
130,CC#[N][Pd]1(Br)C2=CC=CC3=C2C([N]1=CC=C4)=C4C5=CC=CC=C53,1
131,BrC1=CC=CC2=C1C(N=CC=C3)=C3C4=C2C=CC=C4,1
132,COC(C=C1)=CC=C1C2COC3=CC(OC)=CC=C3C2=O,2
133,OC(C=C1)=CC=C1C2COC3=CC(O)=CC=C3C2=O,0
134,O=C1C=CC2(C)C(C(OC(C3C)=O)C3CC2)=C1C,2
135,O=C1C(N(C)C)=C(C)N(C)N1C2=CC=CC=C2,2
136,NC1=C(S(=O)(CC)=O)C=C(C(NCC2N(CC)CCC2)=O)C(OC)=C1,2
140,O=C1C2=C(N=CC=C2)N(C3CC3)C4=C(C(C)=CC=N4)N1,2
143,Cc1ccc(cc1Nc2nccc(n2)c3cccnc3)NC(=O)c4ccc(cc4)CN5CCN(CC5)C,0
144,O=C1N(/N=C\N1c2ccc(cc2)N7CCN(c6ccc(OCC3C[C@@](OC3)(c4ccc(F)cc4F)Cn5ncnc5)cc6)CC7)[C@@H](CC)[C@@H](O)C,0
145,O=C7OCC=6C(=O)N2C(\c1nc5c(c(c1C2)CC)cc(OC(=O)N4CCC(N3CCCCC3)CC4)cc5)=C/C=6[C@@]7(O)CC,0
146,CCOc2nc1cccc(C(=O)O)c1n2Cc5ccc(c3ccccc3c4nn[nH]n4)cc5,0
147,C[C@H]1[C@H]([C@H](C[C@@H](O1)O[C@H]2C[C@@](Cc3c2c(c4c(c3O)C(=O)c5cccc(c5C4=O)OC)O)(C(=O)CO)O)N)O,0
148,COc1ccccc1OCCNCC(O)COc3cccc4[nH]c2ccccc2c34,0
149,O2C1(CCC(CC1)C2(C)C)C,2
153,C[C@@]12C(C)(C)[C@@H](CC1=O)CC2,2
155,COc1ccc(C=O)cc1,2
156,C1=CC=CC2=C1C3C(CC2)[C@@H](C(O3)=O)C,1
158,C1=CC=CC2=C1C3C(CC2)C(C(O3)=O)=C,1
159,O=C(O)C1=C(OC(C)=O)C=CC=C1,2
160,O=C(N[C@H](CO)C1)[C@H](C(C)C)SC2=C1C3=CC=CC=C3N2,2
161,O=C1C(C)=C2O[C@]3(C)CCC4C(C)(C)[C@@H](O)CC[C@]4(C)[C@@]3([H])C[C@@]2(C)C(C)=C1C(OC)=O,2
162,C/C([C@@H]1[C@@](CCCC2=C(C)OC(OC)=CC2=O)(O1)C)=C\C3=CC=C([N+]([O-])=O)C=C3,2
163,O[C@H](C1)CC[C@@]2(C)C1=CC[C@]3([H])[C@]2([H])CC[C@@]4([H])[C@@]3([H])C[C@H](O)[C@]4([H])[C@H](C)[C@@H](O)CCC(C)C,2
164,CC1(C)CC[C@]2(C)C[C@@]34[C@@H](C)CC[C@@H](O)[C@]3(C)CC[C@H]4[C@@]21[H],2
165,[H][C@@]1(CO2)[C@](CO[C@@H]1C3=CC(OCO4)=C4C=C3)([H])[C@@H]2C5=CC(OCO6)=C6C=C5,1
166,COC1=C(OC)C=C(OC)C(/C=C\C)=C1,1
168,COC1=C(OC)C=C(OC)C(/C=C/C)=C1,1
171,COC1=CC=C2C(C(CC(O)=O)C(C)N2C(C3=CC=C(Cl)C=C3)=O)=C1,2
172,CC(OC1=CC=CC=C1C(NC2=NC=C([N+]([O-])=O)S2)=O)=O,2
173,CC(C(O)=O)C1=CC=C(CC(C)C)C=C1,2
174,O[C@@H]1CCCC[C@H]1NC2CC2,2
176,CN(C)C1CCCCC1,2
177,NCCC1=CC=CC=C1,2
178,N=C(N(C)C)N(C)C,2
179,N=C(NC1=CC=CC=C1)NC2=CC=CC=C2,2
180,C12=NCCCN1CCCCC2,2
181,<industrial-confidential>,2
182,<industrial-confidential>,2
183,<industrial-confidential>,2
184,<industrial-confidential>,2
185,<industrial-confidential>,2
186,<industrial-confidential>,2
187,<industrial-confidential>,0
188,<industrial-confidential>,0
189,<industrial-confidential>,0
190,<industrial-confidential>,2
191,<industrial-confidential>,2
192,<industrial-confidential>,2
193,<industrial-confidential>,2
194,<industrial-confidential>,2
195,<industrial-confidential>,2
196,<industrial-confidential>,0
198,<industrial-confidential>,0
199,<industrial-confidential>,0
203,<industrial-confidential>,0
204,<industrial-confidential>,0
206,<industrial-confidential>,0
209,<industrial-confidential>,0
211,<industrial-confidential>,0
213,<industrial-confidential>,0
215,<industrial-confidential>,0
216,<industrial-confidential>,2
217,<industrial-confidential>,2
218,<industrial-confidential>,2
219,<industrial-confidential>,0
220,<industrial-confidential>,0
221,<industrial-confidential>,1
222,<industrial-confidential>,1
223,<industrial-confidential>,1
224,<industrial-confidential>,1
225,<industrial-confidential>,1
227,<industrial-confidential>,2
231,<industrial-confidential>,2
234,<industrial-confidential>,2
235,<industrial-confidential>,1
236,<industrial-confidential>,1
237,<industrial-confidential>,1
238,<industrial-confidential>,1
239,<industrial-confidential>,1
240,<industrial-confidential>,1
241,<industrial-confidential>,1
242,<industrial-confidential>,0
244,<industrial-confidential>,0
246,<industrial-confidential>,2
248,<industrial-confidential>,2
249,<industrial-confidential>,2
251,<industrial-confidential>,0
256,<industrial-confidential>,0
260,<industrial-confidential>,2
267,<industrial-confidential>,0
275,<industrial-confidential>,0
277,<industrial-confidential>,2
278,<industrial-confidential>,0
281,<industrial-confidential>,0
282,<industrial-confidential>,2
283,<industrial-confidential>,2
284,<industrial-confidential>,2
285,<industrial-confidential>,2
286,<industrial-confidential>,1
287,<industrial-confidential>,1
288,<industrial-confidential>,0
289,<industrial-confidential>,0
290,<industrial-confidential>,0
291,<industrial-confidential>,0
293,<industrial-confidential>,0
296,<industrial-confidential>,0
297,<industrial-confidential>,0
298,<industrial-confidential>,0
299,<industrial-confidential>,0
303,<industrial-confidential>,0
305,<industrial-confidential>,0
307,<industrial-confidential>,0
308,<industrial-confidential>,0
309,<industrial-confidential>,0
312,<industrial-confidential>,2
318,<industrial-confidential>,0
322,<industrial-confidential>,2
324,<industrial-confidential>,2
325,<industrial-confidential>,1
326,<industrial-confidential>,2
327,<industrial-confidential>,1
328,<industrial-confidential>,2
329,<industrial-confidential>,2
333,<industrial-confidential>,1
339,<industrial-confidential>,1
344,<industrial-confidential>,2
345,<industrial-confidential>,0
349,<industrial-confidential>,2
356,<industrial-confidential>,2
357,<industrial-confidential>,1
360,<industrial-confidential>,0
363,<industrial-confidential>,0
366,<industrial-confidential>,0
369,<industrial-confidential>,0
372,<industrial-confidential>,2
373,<industrial-confidential>,2
374,<industrial-confidential>,2
378,<industrial-confidential>,1
380,<industrial-confidential>,0
381,<industrial-confidential>,0
382,<industrial-confidential>,0
384,<industrial-confidential>,0
385,<industrial-confidential>,2
390,<industrial-confidential>,0
398,<industrial-confidential>,2
400,<industrial-confidential>,1
403,<industrial-confidential>,0
407,<industrial-confidential>,2
409,<industrial-confidential>,0
413,<industrial-confidential>,0
417,<industrial-confidential>,0
421,<industrial-confidential>,0
425,<industrial-confidential>,0
428,<industrial-confidential>,0
432,<industrial-confidential>,0
434,<industrial-confidential>,2
435,<industrial-confidential>,2
436,<industrial-confidential>,2
437,<industrial-confidential>,2
439,<industrial-confidential>,0
440,<industrial-confidential>,0
446,<industrial-confidential>,0
448,<industrial-confidential>,0
